[SV] Opening ns1_iperf.pcap
[C-DPI] Successfully opened ns1_iperf.pcap
[SV] Datalink DLT=1 (Ethernet)
[SV] Streaming up to 1000 packets into port A (BP=2, random tready)
[SV] Packet #1 port A  74 B (wire 74) ts=1790921116.894162
[BR] A FLOOD  74 B  da=badc18c5a289 sa=020000000001
[SV] Packet #2 port A  74 B (wire 74) ts=1790921116.894179
[BR] A FILTER  74 B  da=020000000001 sa=badc18c5a289
[SV] Packet #3 port A  66 B (wire 66) ts=1790921116.894186
[BR] A FILTER  66 B  da=badc18c5a289 sa=020000000001
[SV] Packet #4 port A  103 B (wire 103) ts=1790921116.894269
[BR] A FILTER  103 B  da=badc18c5a289 sa=020000000001
[SV] Packet #5 port A  66 B (wire 66) ts=1790921116.894274
[BR] A FILTER  66 B  da=020000000001 sa=badc18c5a289
[SV] Packet #6 port A  67 B (wire 67) ts=1790921116.894354
[BR] A FILTER  67 B  da=020000000001 sa=badc18c5a289
[SV] Packet #7 port A  66 B (wire 66) ts=1790921116.894387
[BR] A FILTER  66 B  da=badc18c5a289 sa=020000000001
[SV] Packet #8 port A  70 B (wire 70) ts=1790921116.894559
[BR] A FILTER  70 B  da=badc18c5a289 sa=020000000001
[SV] Packet #9 port A  189 B (wire 189) ts=1790921116.894593
[BR] A FILTER  189 B  da=badc18c5a289 sa=020000000001
[SV] Packet #10 port A  66 B (wire 66) ts=1790921116.894943
[BR] A FILTER  66 B  da=020000000001 sa=badc18c5a289
[SV] Packet #11 port A  67 B (wire 67) ts=1790921116.894975
[BR] A FILTER  67 B  da=020000000001 sa=badc18c5a289
[SV] Packet #12 port A  74 B (wire 74) ts=1790921116.895086
[BR] A FILTER  74 B  da=badc18c5a289 sa=020000000001
[SV] Packet #13 port A  74 B (wire 74) ts=1790921116.895095
[BR] A FILTER  74 B  da=020000000001 sa=badc18c5a289
[SV] Packet #14 port A  66 B (wire 66) ts=1790921116.895099
[BR] A FILTER  66 B  da=badc18c5a289 sa=020000000001
[SV] Packet #15 port A  103 B (wire 103) ts=1790921116.895107
[BR] A FILTER  103 B  da=badc18c5a289 sa=020000000001
[SV] Packet #16 port A  66 B (wire 66) ts=1790921116.895109
[BR] A FILTER  66 B  da=020000000001 sa=badc18c5a289
[SV] Packet #17 port A  67 B (wire 67) ts=1790921116.896221
[BR] A FILTER  67 B  da=020000000001 sa=badc18c5a289
[SV] Packet #18 port A  67 B (wire 67) ts=1790921116.896252
[BR] A FILTER  67 B  da=020000000001 sa=badc18c5a289
[SV] Packet #19 port A  66 B (wire 66) ts=1790921116.896514
[BR] A FILTER  66 B  da=badc18c5a289 sa=020000000001
[SV] Packet #20 port A  2048 B (wire 7306) ts=1790921116.896644
[BR] A FILTER  2048 B  da=badc18c5a289 sa=020000000001
[SV] Packet #21 port A  66 B (wire 66) ts=1790921116.896681
[BR] A FILTER  66 B  da=020000000001 sa=badc18c5a289
[SV] Packet #22 port A  2048 B (wire 7306) ts=1790921116.896689
[BR] A FILTER  2048 B  da=badc18c5a289 sa=020000000001
[SV] Packet #23 port A  66 B (wire 66) ts=1790921116.896691
[BR] A FILTER  66 B  da=020000000001 sa=badc18c5a289
[SV] Packet #24 port A  2048 B (wire 14546) ts=1790921116.896708
[BR] A FILTER  2048 B  da=badc18c5a289 sa=020000000001
[SV] Packet #25 port A  66 B (wire 66) ts=1790921116.896709
[BR] A FILTER  66 B  da=020000000001 sa=badc18c5a289
[SV] Packet #26 port A  2048 B (wire 14546) ts=1790921116.896711
[BR] A FILTER  2048 B  da=badc18c5a289 sa=020000000001
[SV] Packet #27 port A  66 B (wire 66) ts=1790921116.896713
[BR] A FILTER  66 B  da=020000000001 sa=badc18c5a289
[SV] Packet #28 port A  2048 B (wire 29026) ts=1790921116.896715
[BR] A FILTER  2048 B  da=badc18c5a289 sa=020000000001
[SV] Packet #29 port A  2048 B (wire 29026) ts=1790921116.896717
[BR] A FILTER  2048 B  da=badc18c5a289 sa=020000000001
[SV] Packet #30 port A  66 B (wire 66) ts=1790921116.896729
[BR] A FILTER  66 B  da=020000000001 sa=badc18c5a289
[SV] Packet #31 port A  2048 B (wire 57986) ts=1790921116.896741
[BR] A FILTER  2048 B  da=badc18c5a289 sa=020000000001
[SV] Packet #32 port A  2048 B (wire 37378) ts=1790921116.896805
[BR] A FILTER  2048 B  da=badc18c5a289 sa=020000000001
[SV] Packet #33 port A  66 B (wire 66) ts=1790921116.896814
[BR] A FILTER  66 B  da=020000000001 sa=badc18c5a289
[SV] Packet #34 port A  66 B (wire 66) ts=1790921116.896821
[BR] A FILTER  66 B  da=020000000001 sa=badc18c5a289
[SV] Packet #35 port A  2048 B (wire 65226) ts=1790921116.896826
[BR] A FILTER  2048 B  da=badc18c5a289 sa=020000000001
[SV] Packet #36 port A  2048 B (wire 30138) ts=1790921116.896853
[BR] A FILTER  2048 B  da=badc18c5a289 sa=020000000001
[SV] Packet #37 port A  66 B (wire 66) ts=1790921116.896883
[BR] A FILTER  66 B  da=020000000001 sa=badc18c5a289
[SV] Packet #38 port A  2048 B (wire 65226) ts=1790921116.896958
[BR] A FILTER  2048 B  da=badc18c5a289 sa=020000000001
[SV] Packet #39 port A  66 B (wire 66) ts=1790921116.896986
[BR] A FILTER  66 B  da=020000000001 sa=badc18c5a289
[SV] Packet #40 port A  2048 B (wire 30138) ts=1790921116.896989
[BR] A FILTER  2048 B  da=badc18c5a289 sa=020000000001
[SV] Packet #41 port A  2048 B (wire 65226) ts=1790921116.896992
[BR] A FILTER  2048 B  da=badc18c5a289 sa=020000000001
[SV] Packet #42 port A  2048 B (wire 52194) ts=1790921116.896994
[BR] A FILTER  2048 B  da=badc18c5a289 sa=020000000001
[SV] Packet #43 port A  66 B (wire 66) ts=1790921116.897026
[BR] A FILTER  66 B  da=020000000001 sa=badc18c5a289
[SV] Packet #44 port A  2048 B (wire 65226) ts=1790921116.897047
[BR] A FILTER  2048 B  da=badc18c5a289 sa=020000000001
[SV] Packet #45 port A  66 B (wire 66) ts=1790921116.897076
[BR] A FILTER  66 B  da=020000000001 sa=badc18c5a289
[SV] Packet #46 port A  2048 B (wire 36282) ts=1790921116.897079
[BR] A FILTER  2048 B  da=badc18c5a289 sa=020000000001
[SV] Packet #47 port A  2048 B (wire 65226) ts=1790921116.897082
[BR] A FILTER  2048 B  da=badc18c5a289 sa=020000000001
[SV] Packet #48 port A  66 B (wire 66) ts=1790921116.897114
[BR] A FILTER  66 B  da=020000000001 sa=badc18c5a289
[SV] Packet #49 port A  2048 B (wire 56386) ts=1790921116.897119
[BR] A FILTER  2048 B  da=badc18c5a289 sa=020000000001
[SV] Packet #50 port A  66 B (wire 66) ts=1790921116.897160
[BR] A FILTER  66 B  da=020000000001 sa=badc18c5a289
[SV] Packet #51 port A  2048 B (wire 65226) ts=1790921116.897162
[BR] A FILTER  2048 B  da=badc18c5a289 sa=020000000001
[SV] Packet #52 port A  2048 B (wire 33210) ts=1790921116.897163
[BR] A FILTER  2048 B  da=badc18c5a289 sa=020000000001
[SV] Packet #53 port A  66 B (wire 66) ts=1790921116.897171
[BR] A FILTER  66 B  da=020000000001 sa=badc18c5a289
[SV] Packet #54 port A  66 B (wire 66) ts=1790921116.897175
[BR] A FILTER  66 B  da=020000000001 sa=badc18c5a289
[SV] Packet #55 port A  2048 B (wire 65226) ts=1790921116.897176
[BR] A FILTER  2048 B  da=badc18c5a289 sa=020000000001
[SV] Packet #56 port A  2048 B (wire 65226) ts=1790921116.897177
[BR] A FILTER  2048 B  da=badc18c5a289 sa=020000000001
[SV] Packet #57 port A  2048 B (wire 18226) ts=1790921116.897178
[BR] A FILTER  2048 B  da=badc18c5a289 sa=020000000001
[SV] Packet #58 port A  66 B (wire 66) ts=1790921116.897185
[BR] A FILTER  66 B  da=020000000001 sa=badc18c5a289
[SV] Packet #59 port A  2048 B (wire 65226) ts=1790921116.897187
[BR] A FILTER  2048 B  da=badc18c5a289 sa=020000000001
[SV] Packet #60 port A  2048 B (wire 65226) ts=1790921116.897189
[BR] A FILTER  2048 B  da=badc18c5a289 sa=020000000001
[SV] Packet #61 port A  2048 B (wire 18226) ts=1790921116.897190
[BR] A FILTER  2048 B  da=badc18c5a289 sa=020000000001
[SV] Packet #62 port A  66 B (wire 66) ts=1790921116.897193
[BR] A FILTER  66 B  da=020000000001 sa=badc18c5a289
[SV] Packet #63 port A  2048 B (wire 65226) ts=1790921116.897195
[BR] A FILTER  2048 B  da=badc18c5a289 sa=020000000001
[SV] Packet #64 port A  2048 B (wire 65226) ts=1790921116.897196
[BR] A FILTER  2048 B  da=badc18c5a289 sa=020000000001
[SV] Packet #65 port A  2048 B (wire 33106) ts=1790921116.897197
[BR] A FILTER  2048 B  da=badc18c5a289 sa=020000000001
[SV] Packet #66 port A  66 B (wire 66) ts=1790921116.897201
[BR] A FILTER  66 B  da=020000000001 sa=badc18c5a289
[SV] Packet #67 port A  66 B (wire 66) ts=1790921116.897208
[BR] A FILTER  66 B  da=020000000001 sa=badc18c5a289
[SV] Packet #68 port A  2048 B (wire 24962) ts=1790921116.897238
[BR] A FILTER  2048 B  da=badc18c5a289 sa=020000000001
[SV] Packet #69 port A  66 B (wire 66) ts=1790921116.897272
[BR] A FILTER  66 B  da=020000000001 sa=badc18c5a289
[SV] Packet #70 port A  2048 B (wire 65226) ts=1790921116.897284
[BR] A FILTER  2048 B  da=badc18c5a289 sa=020000000001
[SV] Packet #71 port A  66 B (wire 66) ts=1790921116.897286
[BR] A FILTER  66 B  da=020000000001 sa=badc18c5a289
[SV] Packet #72 port A  2048 B (wire 65226) ts=1790921116.897292
[BR] A FILTER  2048 B  da=badc18c5a289 sa=020000000001
[SV] Packet #73 port A  818 B (wire 818) ts=1790921116.897294
[BR] A FILTER  818 B  da=badc18c5a289 sa=020000000001
[SV] Packet #74 port A  2048 B (wire 65226) ts=1790921116.897301
[BR] A FILTER  2048 B  da=badc18c5a289 sa=020000000001
[SV] Packet #75 port A  2048 B (wire 65226) ts=1790921116.897307
[BR] A FILTER  2048 B  da=badc18c5a289 sa=020000000001
[SV] Packet #76 port A  2048 B (wire 65226) ts=1790921116.897313
[BR] A FILTER  2048 B  da=badc18c5a289 sa=020000000001
[SV] Packet #77 port A  2048 B (wire 65226) ts=1790921116.897319
[BR] A FILTER  2048 B  da=badc18c5a289 sa=020000000001
[SV] Packet #78 port A  2048 B (wire 31922) ts=1790921116.897325
[BR] A FILTER  2048 B  da=badc18c5a289 sa=020000000001
[SV] Packet #79 port A  66 B (wire 66) ts=1790921116.897326
[BR] A FILTER  66 B  da=020000000001 sa=badc18c5a289
[SV] Packet #80 port A  2048 B (wire 65226) ts=1790921116.897332
[BR] A FILTER  2048 B  da=badc18c5a289 sa=020000000001
[SV] Packet #81 port A  2048 B (wire 15690) ts=1790921116.897334
[BR] A FILTER  2048 B  da=badc18c5a289 sa=020000000001
[SV] Packet #82 port A  66 B (wire 66) ts=1790921116.897337
[BR] A FILTER  66 B  da=020000000001 sa=badc18c5a289
[SV] Packet #83 port A  66 B (wire 66) ts=1790921116.897345
[BR] A FILTER  66 B  da=020000000001 sa=badc18c5a289
[SV] Packet #84 port A  66 B (wire 66) ts=1790921116.897354
[BR] A FILTER  66 B  da=020000000001 sa=badc18c5a289
[SV] Packet #85 port A  2048 B (wire 65226) ts=1790921116.897356
[BR] A FILTER  2048 B  da=badc18c5a289 sa=020000000001
[SV] Packet #86 port A  2048 B (wire 65226) ts=1790921116.897360
[BR] A FILTER  2048 B  da=badc18c5a289 sa=020000000001
[SV] Packet #87 port A  66 B (wire 66) ts=1790921116.897362
[BR] A FILTER  66 B  da=020000000001 sa=badc18c5a289
[SV] Packet #88 port A  2048 B (wire 65226) ts=1790921116.897362
[BR] A FILTER  2048 B  da=badc18c5a289 sa=020000000001
[SV] Packet #89 port A  2048 B (wire 65226) ts=1790921116.897363
[BR] A FILTER  2048 B  da=badc18c5a289 sa=020000000001
[SV] Packet #90 port A  2048 B (wire 21506) ts=1790921116.897364
[BR] A FILTER  2048 B  da=badc18c5a289 sa=020000000001
[SV] Packet #91 port A  66 B (wire 66) ts=1790921116.897369
[BR] A FILTER  66 B  da=020000000001 sa=badc18c5a289
[SV] Packet #92 port A  2048 B (wire 65226) ts=1790921116.897371
[BR] A FILTER  2048 B  da=badc18c5a289 sa=020000000001
[SV] Packet #93 port A  2048 B (wire 65226) ts=1790921116.897376
[BR] A FILTER  2048 B  da=badc18c5a289 sa=020000000001
[SV] Packet #94 port A  66 B (wire 66) ts=1790921116.897377
[BR] A FILTER  66 B  da=020000000001 sa=badc18c5a289
[SV] Packet #95 port A  818 B (wire 818) ts=1790921116.897380
[BR] A FILTER  818 B  da=badc18c5a289 sa=020000000001
[SV] Packet #96 port A  66 B (wire 66) ts=1790921116.897384
[BR] A FILTER  66 B  da=020000000001 sa=badc18c5a289
[SV] Packet #97 port A  2048 B (wire 65226) ts=1790921116.897385
[BR] A FILTER  2048 B  da=badc18c5a289 sa=020000000001
[SV] Packet #98 port A  66 B (wire 66) ts=1790921116.897412
[BR] A FILTER  66 B  da=020000000001 sa=badc18c5a289
[SV] Packet #99 port A  2048 B (wire 65226) ts=1790921116.897418
[BR] A FILTER  2048 B  da=badc18c5a289 sa=020000000001
[SV] Packet #100 port A  818 B (wire 818) ts=1790921116.897422
[BR] A FILTER  818 B  da=badc18c5a289 sa=020000000001
[SV] Packet #101 port A  2048 B (wire 65226) ts=1790921116.897428
[BR] A FILTER  2048 B  da=badc18c5a289 sa=020000000001
[SV] Packet #102 port A  2048 B (wire 65226) ts=1790921116.897433
[BR] A FILTER  2048 B  da=badc18c5a289 sa=020000000001
[SV] Packet #103 port A  2048 B (wire 65226) ts=1790921116.897439
[BR] A FILTER  2048 B  da=badc18c5a289 sa=020000000001
[SV] Packet #104 port A  2048 B (wire 65226) ts=1790921116.897443
[BR] A FILTER  2048 B  da=badc18c5a289 sa=020000000001
[SV] Packet #105 port A  2048 B (wire 53642) ts=1790921116.897449
[BR] A FILTER  2048 B  da=badc18c5a289 sa=020000000001
[SV] Packet #106 port A  66 B (wire 66) ts=1790921116.897455
[BR] A FILTER  66 B  da=020000000001 sa=badc18c5a289
[SV] Packet #107 port A  2048 B (wire 65226) ts=1790921116.897463
[BR] A FILTER  2048 B  da=badc18c5a289 sa=020000000001
[SV] Packet #108 port A  66 B (wire 66) ts=1790921116.897464
[BR] A FILTER  66 B  da=020000000001 sa=badc18c5a289
[SV] Packet #109 port A  2048 B (wire 65226) ts=1790921116.897466
[BR] A FILTER  2048 B  da=badc18c5a289 sa=020000000001
[SV] Packet #110 port A  2048 B (wire 16874) ts=1790921116.897467
[BR] A FILTER  2048 B  da=badc18c5a289 sa=020000000001
[SV] Packet #111 port A  2048 B (wire 62330) ts=1790921116.897470
[BR] A FILTER  2048 B  da=badc18c5a289 sa=020000000001
[SV] Packet #112 port A  2048 B (wire 65226) ts=1790921116.897477
[BR] A FILTER  2048 B  da=badc18c5a289 sa=020000000001
[SV] Packet #113 port A  66 B (wire 66) ts=1790921116.897477
[BR] A FILTER  66 B  da=020000000001 sa=badc18c5a289
[SV] Packet #114 port A  2048 B (wire 43978) ts=1790921116.897482
[BR] A FILTER  2048 B  da=badc18c5a289 sa=020000000001
[SV] Packet #115 port A  2048 B (wire 21786) ts=1790921116.897485
[BR] A FILTER  2048 B  da=badc18c5a289 sa=020000000001
[SV] Packet #116 port A  66 B (wire 66) ts=1790921116.897485
[BR] A FILTER  66 B  da=020000000001 sa=badc18c5a289
[SV] Packet #117 port A  2048 B (wire 65226) ts=1790921116.897491
[BR] A FILTER  2048 B  da=badc18c5a289 sa=020000000001
[SV] Packet #118 port A  66 B (wire 66) ts=1790921116.897492
[BR] A FILTER  66 B  da=020000000001 sa=badc18c5a289
[SV] Packet #119 port A  66 B (wire 66) ts=1790921116.897495
[BR] A FILTER  66 B  da=020000000001 sa=badc18c5a289
[SV] Packet #120 port A  2048 B (wire 54618) ts=1790921116.897498
[BR] A FILTER  2048 B  da=badc18c5a289 sa=020000000001
[SV] Packet #121 port A  2048 B (wire 11650) ts=1790921116.897501
[BR] A FILTER  2048 B  da=badc18c5a289 sa=020000000001
[SV] Packet #122 port A  66 B (wire 66) ts=1790921116.897502
[BR] A FILTER  66 B  da=020000000001 sa=badc18c5a289
[SV] Packet #123 port A  2048 B (wire 65226) ts=1790921116.897506
[BR] A FILTER  2048 B  da=badc18c5a289 sa=020000000001
[SV] Packet #124 port A  2048 B (wire 65226) ts=1790921116.897535
[BR] A FILTER  2048 B  da=badc18c5a289 sa=020000000001
[SV] Packet #125 port A  1514 B (wire 1514) ts=1790921116.897538
[BR] A FILTER  1514 B  da=badc18c5a289 sa=020000000001
[SV] Packet #126 port A  106 B (wire 106) ts=1790921116.897540
[BR] A FILTER  106 B  da=badc18c5a289 sa=020000000001
[SV] Packet #127 port A  2048 B (wire 65226) ts=1790921116.897547
[BR] A FILTER  2048 B  da=badc18c5a289 sa=020000000001
[SV] Packet #128 port A  2048 B (wire 65226) ts=1790921116.897552
[BR] A FILTER  2048 B  da=badc18c5a289 sa=020000000001
[SV] Packet #129 port A  2048 B (wire 65226) ts=1790921116.897557
[BR] A FILTER  2048 B  da=badc18c5a289 sa=020000000001
[SV] Packet #130 port A  2048 B (wire 65226) ts=1790921116.897562
[BR] A FILTER  2048 B  da=badc18c5a289 sa=020000000001
[SV] Packet #131 port A  66 B (wire 66) ts=1790921116.897566
[BR] A FILTER  66 B  da=020000000001 sa=badc18c5a289
[SV] Packet #132 port A  2048 B (wire 5858) ts=1790921116.897568
[BR] A FILTER  2048 B  da=badc18c5a289 sa=020000000001
[SV] Packet #133 port A  2048 B (wire 65226) ts=1790921116.897574
[BR] A FILTER  2048 B  da=badc18c5a289 sa=020000000001
[SV] Packet #134 port A  66 B (wire 66) ts=1790921116.897575
[BR] A FILTER  66 B  da=020000000001 sa=badc18c5a289
[SV] Packet #135 port A  2048 B (wire 58138) ts=1790921116.897577
[BR] A FILTER  2048 B  da=badc18c5a289 sa=020000000001
[SV] Packet #136 port A  2048 B (wire 2962) ts=1790921116.897579
[BR] A FILTER  2048 B  da=badc18c5a289 sa=020000000001
[SV] Packet #137 port A  66 B (wire 66) ts=1790921116.897582
[BR] A FILTER  66 B  da=020000000001 sa=badc18c5a289
[SV] Packet #138 port A  2048 B (wire 65226) ts=1790921116.897585
[BR] A FILTER  2048 B  da=badc18c5a289 sa=020000000001
[SV] Packet #139 port A  66 B (wire 66) ts=1790921116.897589
[BR] A FILTER  66 B  da=020000000001 sa=badc18c5a289
[SV] Packet #140 port A  2048 B (wire 53514) ts=1790921116.897591
[BR] A FILTER  2048 B  da=badc18c5a289 sa=020000000001
[SV] Packet #141 port A  2048 B (wire 13098) ts=1790921116.897594
[BR] A FILTER  2048 B  da=badc18c5a289 sa=020000000001
[SV] Packet #142 port A  66 B (wire 66) ts=1790921116.897596
[BR] A FILTER  66 B  da=020000000001 sa=badc18c5a289
[SV] Packet #143 port A  2048 B (wire 65226) ts=1790921116.897599
[BR] A FILTER  2048 B  da=badc18c5a289 sa=020000000001
[SV] Packet #144 port A  66 B (wire 66) ts=1790921116.897604
[BR] A FILTER  66 B  da=020000000001 sa=badc18c5a289
[SV] Packet #145 port A  2048 B (wire 53122) ts=1790921116.897604
[BR] A FILTER  2048 B  da=badc18c5a289 sa=020000000001
[SV] Packet #146 port A  2048 B (wire 11650) ts=1790921116.897608
[BR] A FILTER  2048 B  da=badc18c5a289 sa=020000000001
[SV] Packet #147 port A  66 B (wire 66) ts=1790921116.897610
[BR] A FILTER  66 B  da=020000000001 sa=badc18c5a289
[SV] Packet #148 port A  2048 B (wire 65226) ts=1790921116.897614
[BR] A FILTER  2048 B  da=badc18c5a289 sa=020000000001
[SV] Packet #149 port A  2048 B (wire 65226) ts=1790921116.897642
[BR] A FILTER  2048 B  da=badc18c5a289 sa=020000000001
[SV] Packet #150 port A  1514 B (wire 1514) ts=1790921116.897645
[BR] A FILTER  1514 B  da=badc18c5a289 sa=020000000001
[SV] Packet #151 port A  730 B (wire 730) ts=1790921116.897647
[BR] A FILTER  730 B  da=badc18c5a289 sa=020000000001
[SV] Packet #152 port A  2048 B (wire 65226) ts=1790921116.897653
[BR] A FILTER  2048 B  da=badc18c5a289 sa=020000000001
[SV] Packet #153 port A  2048 B (wire 65226) ts=1790921116.897659
[BR] A FILTER  2048 B  da=badc18c5a289 sa=020000000001
[SV] Packet #154 port A  2048 B (wire 65226) ts=1790921116.897664
[BR] A FILTER  2048 B  da=badc18c5a289 sa=020000000001
[SV] Packet #155 port A  2048 B (wire 65226) ts=1790921116.897669
[BR] A FILTER  2048 B  da=badc18c5a289 sa=020000000001
[SV] Packet #156 port A  66 B (wire 66) ts=1790921116.897672
[BR] A FILTER  66 B  da=020000000001 sa=badc18c5a289
[SV] Packet #157 port A  2048 B (wire 26130) ts=1790921116.897675
[BR] A FILTER  2048 B  da=badc18c5a289 sa=020000000001
[SV] Packet #158 port A  2048 B (wire 65226) ts=1790921116.897681
[BR] A FILTER  2048 B  da=badc18c5a289 sa=020000000001
[SV] Packet #159 port A  66 B (wire 66) ts=1790921116.897681
[BR] A FILTER  66 B  da=020000000001 sa=badc18c5a289
[SV] Packet #160 port A  2048 B (wire 37866) ts=1790921116.897684
[BR] A FILTER  2048 B  da=badc18c5a289 sa=020000000001
[SV] Packet #161 port A  2048 B (wire 2962) ts=1790921116.897686
[BR] A FILTER  2048 B  da=badc18c5a289 sa=020000000001
[SV] Packet #162 port A  2048 B (wire 65226) ts=1790921116.897691
[BR] A FILTER  2048 B  da=badc18c5a289 sa=020000000001
[SV] Packet #163 port A  66 B (wire 66) ts=1790921116.897695
[BR] A FILTER  66 B  da=020000000001 sa=badc18c5a289
[SV] Packet #164 port A  2048 B (wire 54330) ts=1790921116.897697
[BR] A FILTER  2048 B  da=badc18c5a289 sa=020000000001
[SV] Packet #165 port A  2048 B (wire 11650) ts=1790921116.897700
[BR] A FILTER  2048 B  da=badc18c5a289 sa=020000000001
[SV] Packet #166 port A  66 B (wire 66) ts=1790921116.897702
[BR] A FILTER  66 B  da=020000000001 sa=badc18c5a289
[SV] Packet #167 port A  2048 B (wire 65226) ts=1790921116.897705
[BR] A FILTER  2048 B  da=badc18c5a289 sa=020000000001
[SV] Packet #168 port A  66 B (wire 66) ts=1790921116.897709
[BR] A FILTER  66 B  da=020000000001 sa=badc18c5a289
[SV] Packet #169 port A  2048 B (wire 65226) ts=1790921116.897710
[BR] A FILTER  2048 B  da=badc18c5a289 sa=020000000001
[SV] Packet #170 port A  1538 B (wire 1538) ts=1790921116.897714
[BR] A FILTER  1538 B  da=badc18c5a289 sa=020000000001
[SV] Packet #171 port A  66 B (wire 66) ts=1790921116.897716
[BR] A FILTER  66 B  da=020000000001 sa=badc18c5a289
[SV] Packet #172 port A  2048 B (wire 65226) ts=1790921116.897719
[BR] A FILTER  2048 B  da=badc18c5a289 sa=020000000001
[SV] Packet #173 port A  2048 B (wire 65226) ts=1790921116.897748
[BR] A FILTER  2048 B  da=badc18c5a289 sa=020000000001
[SV] Packet #174 port A  818 B (wire 818) ts=1790921116.897751
[BR] A FILTER  818 B  da=badc18c5a289 sa=020000000001
[SV] Packet #175 port A  2048 B (wire 65226) ts=1790921116.897758
[BR] A FILTER  2048 B  da=badc18c5a289 sa=020000000001
[SV] Packet #176 port A  2048 B (wire 65226) ts=1790921116.897763
[BR] A FILTER  2048 B  da=badc18c5a289 sa=020000000001
[SV] Packet #177 port A  2048 B (wire 65226) ts=1790921116.897768
[BR] A FILTER  2048 B  da=badc18c5a289 sa=020000000001
[SV] Packet #178 port A  2048 B (wire 65226) ts=1790921116.897773
[BR] A FILTER  2048 B  da=badc18c5a289 sa=020000000001
[SV] Packet #179 port A  2048 B (wire 47850) ts=1790921116.897779
[BR] A FILTER  2048 B  da=badc18c5a289 sa=020000000001
[SV] Packet #180 port A  66 B (wire 66) ts=1790921116.897784
[BR] A FILTER  66 B  da=020000000001 sa=badc18c5a289
[SV] Packet #181 port A  2048 B (wire 65226) ts=1790921116.897792
[BR] A FILTER  2048 B  da=badc18c5a289 sa=020000000001
[SV] Packet #182 port A  66 B (wire 66) ts=1790921116.897792
[BR] A FILTER  66 B  da=020000000001 sa=badc18c5a289
[SV] Packet #183 port A  2048 B (wire 65226) ts=1790921116.897795
[BR] A FILTER  2048 B  da=badc18c5a289 sa=020000000001
[SV] Packet #184 port A  2048 B (wire 27786) ts=1790921116.897796
[BR] A FILTER  2048 B  da=badc18c5a289 sa=020000000001
[SV] Packet #185 port A  2048 B (wire 56538) ts=1790921116.897799
[BR] A FILTER  2048 B  da=badc18c5a289 sa=020000000001
[SV] Packet #186 port A  2048 B (wire 65226) ts=1790921116.897805
[BR] A FILTER  2048 B  da=badc18c5a289 sa=020000000001
[SV] Packet #187 port A  66 B (wire 66) ts=1790921116.897806
[BR] A FILTER  66 B  da=020000000001 sa=badc18c5a289
[SV] Packet #188 port A  2048 B (wire 43978) ts=1790921116.897810
[BR] A FILTER  2048 B  da=badc18c5a289 sa=020000000001
[SV] Packet #189 port A  2048 B (wire 23234) ts=1790921116.897813
[BR] A FILTER  2048 B  da=badc18c5a289 sa=020000000001
[SV] Packet #190 port A  66 B (wire 66) ts=1790921116.897813
[BR] A FILTER  66 B  da=020000000001 sa=badc18c5a289
[SV] Packet #191 port A  2048 B (wire 65226) ts=1790921116.897819
[BR] A FILTER  2048 B  da=badc18c5a289 sa=020000000001
[SV] Packet #192 port A  66 B (wire 66) ts=1790921116.897820
[BR] A FILTER  66 B  da=020000000001 sa=badc18c5a289
[SV] Packet #193 port A  66 B (wire 66) ts=1790921116.897822
[BR] A FILTER  66 B  da=020000000001 sa=badc18c5a289
[SV] Packet #194 port A  2048 B (wire 20402) ts=1790921116.897826
[BR] A FILTER  2048 B  da=badc18c5a289 sa=020000000001
[SV] Packet #195 port A  66 B (wire 66) ts=1790921116.897851
[BR] A FILTER  66 B  da=020000000001 sa=badc18c5a289
[SV] Packet #196 port A  2048 B (wire 45826) ts=1790921116.897855
[BR] A FILTER  2048 B  da=badc18c5a289 sa=020000000001
[SV] Packet #197 port A  2048 B (wire 65226) ts=1790921116.897862
[BR] A FILTER  2048 B  da=badc18c5a289 sa=020000000001
[SV] Packet #198 port A  2048 B (wire 65226) ts=1790921116.897871
[BR] A FILTER  2048 B  da=badc18c5a289 sa=020000000001
[SV] Packet #199 port A  2048 B (wire 65226) ts=1790921116.897877
[BR] A FILTER  2048 B  da=badc18c5a289 sa=020000000001
[SV] Packet #200 port A  2048 B (wire 65226) ts=1790921116.897882
[BR] A FILTER  2048 B  da=badc18c5a289 sa=020000000001
[SV] Packet #201 port A  1514 B (wire 1514) ts=1790921116.897884
[BR] A FILTER  1514 B  da=badc18c5a289 sa=020000000001
[SV] Packet #202 port A  2048 B (wire 65226) ts=1790921116.897890
[BR] A FILTER  2048 B  da=badc18c5a289 sa=020000000001
[SV] Packet #203 port A  66 B (wire 66) ts=1790921116.897890
[BR] A FILTER  66 B  da=020000000001 sa=badc18c5a289
[SV] Packet #204 port A  2048 B (wire 65226) ts=1790921116.897894
[BR] A FILTER  2048 B  da=badc18c5a289 sa=020000000001
[SV] Packet #205 port A  874 B (wire 874) ts=1790921116.897897
[BR] A FILTER  874 B  da=badc18c5a289 sa=020000000001
[SV] Packet #206 port A  66 B (wire 66) ts=1790921116.897899
[BR] A FILTER  66 B  da=020000000001 sa=badc18c5a289
[SV] Packet #207 port A  2048 B (wire 60426) ts=1790921116.897902
[BR] A FILTER  2048 B  da=badc18c5a289 sa=020000000001
[SV] Packet #208 port A  66 B (wire 66) ts=1790921116.897906
[BR] A FILTER  66 B  da=020000000001 sa=badc18c5a289
[SV] Packet #209 port A  2048 B (wire 65226) ts=1790921116.897908
[BR] A FILTER  2048 B  da=badc18c5a289 sa=020000000001
[SV] Packet #210 port A  2048 B (wire 4410) ts=1790921116.897911
[BR] A FILTER  2048 B  da=badc18c5a289 sa=020000000001
[SV] Packet #211 port A  66 B (wire 66) ts=1790921116.897914
[BR] A FILTER  66 B  da=020000000001 sa=badc18c5a289
[SV] Packet #212 port A  2048 B (wire 65226) ts=1790921116.897917
[BR] A FILTER  2048 B  da=badc18c5a289 sa=020000000001
[SV] Packet #213 port A  66 B (wire 66) ts=1790921116.897921
[BR] A FILTER  66 B  da=020000000001 sa=badc18c5a289
[SV] Packet #214 port A  2048 B (wire 65226) ts=1790921116.897922
[BR] A FILTER  2048 B  da=badc18c5a289 sa=020000000001
[SV] Packet #215 port A  2026 B (wire 2026) ts=1790921116.897925
[BR] A FILTER  2026 B  da=badc18c5a289 sa=020000000001
[SV] Packet #216 port A  66 B (wire 66) ts=1790921116.897928
[BR] A FILTER  66 B  da=020000000001 sa=badc18c5a289
[SV] Packet #217 port A  2048 B (wire 65226) ts=1790921116.897931
[BR] A FILTER  2048 B  da=badc18c5a289 sa=020000000001
[SV] Packet #218 port A  2048 B (wire 65226) ts=1790921116.897959
[BR] A FILTER  2048 B  da=badc18c5a289 sa=020000000001
[SV] Packet #219 port A  818 B (wire 818) ts=1790921116.897963
[BR] A FILTER  818 B  da=badc18c5a289 sa=020000000001
[SV] Packet #220 port A  2048 B (wire 65226) ts=1790921116.897969
[BR] A FILTER  2048 B  da=badc18c5a289 sa=020000000001
[SV] Packet #221 port A  2048 B (wire 65226) ts=1790921116.897974
[BR] A FILTER  2048 B  da=badc18c5a289 sa=020000000001
[SV] Packet #222 port A  2048 B (wire 65226) ts=1790921116.897979
[BR] A FILTER  2048 B  da=badc18c5a289 sa=020000000001
[SV] Packet #223 port A  2048 B (wire 65226) ts=1790921116.897984
[BR] A FILTER  2048 B  da=badc18c5a289 sa=020000000001
[SV] Packet #224 port A  1514 B (wire 1514) ts=1790921116.897986
[BR] A FILTER  1514 B  da=badc18c5a289 sa=020000000001
[SV] Packet #225 port A  2048 B (wire 65226) ts=1790921116.897991
[BR] A FILTER  2048 B  da=badc18c5a289 sa=020000000001
[SV] Packet #226 port A  66 B (wire 66) ts=1790921116.897996
[BR] A FILTER  66 B  da=020000000001 sa=badc18c5a289
[SV] Packet #227 port A  2048 B (wire 2962) ts=1790921116.897997
[BR] A FILTER  2048 B  da=badc18c5a289 sa=020000000001
[SV] Packet #228 port A  2048 B (wire 63138) ts=1790921116.898001
[BR] A FILTER  2048 B  da=badc18c5a289 sa=020000000001
[SV] Packet #229 port A  66 B (wire 66) ts=1790921116.898005
[BR] A FILTER  66 B  da=020000000001 sa=badc18c5a289
[SV] Packet #230 port A  2048 B (wire 57354) ts=1790921116.898007
[BR] A FILTER  2048 B  da=badc18c5a289 sa=020000000001
[SV] Packet #231 port A  66 B (wire 66) ts=1790921116.898012
[BR] A FILTER  66 B  da=020000000001 sa=badc18c5a289
[SV] Packet #232 port A  2048 B (wire 65226) ts=1790921116.898013
[BR] A FILTER  2048 B  da=badc18c5a289 sa=020000000001
[SV] Packet #233 port A  2048 B (wire 7306) ts=1790921116.898015
[BR] A FILTER  2048 B  da=badc18c5a289 sa=020000000001
[SV] Packet #234 port A  66 B (wire 66) ts=1790921116.898019
[BR] A FILTER  66 B  da=020000000001 sa=badc18c5a289
[SV] Packet #235 port A  2048 B (wire 65226) ts=1790921116.898022
[BR] A FILTER  2048 B  da=badc18c5a289 sa=020000000001
[SV] Packet #236 port A  66 B (wire 66) ts=1790921116.898027
[BR] A FILTER  66 B  da=020000000001 sa=badc18c5a289
[SV] Packet #237 port A  2048 B (wire 65226) ts=1790921116.898028
[BR] A FILTER  2048 B  da=badc18c5a289 sa=020000000001
[SV] Packet #238 port A  2048 B (wire 2202) ts=1790921116.898031
[BR] A FILTER  2048 B  da=badc18c5a289 sa=020000000001
[SV] Packet #239 port A  66 B (wire 66) ts=1790921116.898034
[BR] A FILTER  66 B  da=020000000001 sa=badc18c5a289
[SV] Packet #240 port A  2048 B (wire 65226) ts=1790921116.898037
[BR] A FILTER  2048 B  da=badc18c5a289 sa=020000000001
[SV] Packet #241 port A  2048 B (wire 65226) ts=1790921116.898066
[BR] A FILTER  2048 B  da=badc18c5a289 sa=020000000001
[SV] Packet #242 port A  818 B (wire 818) ts=1790921116.898069
[BR] A FILTER  818 B  da=badc18c5a289 sa=020000000001
[SV] Packet #243 port A  2048 B (wire 65226) ts=1790921116.898076
[BR] A FILTER  2048 B  da=badc18c5a289 sa=020000000001
[SV] Packet #244 port A  2048 B (wire 65226) ts=1790921116.898081
[BR] A FILTER  2048 B  da=badc18c5a289 sa=020000000001
[SV] Packet #245 port A  2048 B (wire 65226) ts=1790921116.898087
[BR] A FILTER  2048 B  da=badc18c5a289 sa=020000000001
[SV] Packet #246 port A  2048 B (wire 65226) ts=1790921116.898092
[BR] A FILTER  2048 B  da=badc18c5a289 sa=020000000001
[SV] Packet #247 port A  1514 B (wire 1514) ts=1790921116.898094
[BR] A FILTER  1514 B  da=badc18c5a289 sa=020000000001
[SV] Packet #248 port A  2048 B (wire 65226) ts=1790921116.898099
[BR] A FILTER  2048 B  da=badc18c5a289 sa=020000000001
[SV] Packet #249 port A  66 B (wire 66) ts=1790921116.898102
[BR] A FILTER  66 B  da=020000000001 sa=badc18c5a289
[SV] Packet #250 port A  2048 B (wire 14834) ts=1790921116.898104
[BR] A FILTER  2048 B  da=badc18c5a289 sa=020000000001
[SV] Packet #251 port A  2048 B (wire 50746) ts=1790921116.898107
[BR] A FILTER  2048 B  da=badc18c5a289 sa=020000000001
[SV] Packet #252 port A  66 B (wire 66) ts=1790921116.898110
[BR] A FILTER  66 B  da=020000000001 sa=badc18c5a289
[SV] Packet #253 port A  2048 B (wire 57874) ts=1790921116.898113
[BR] A FILTER  2048 B  da=badc18c5a289 sa=020000000001
[SV] Packet #254 port A  66 B (wire 66) ts=1790921116.898118
[BR] A FILTER  66 B  da=020000000001 sa=badc18c5a289
[SV] Packet #255 port A  2048 B (wire 65226) ts=1790921116.898119
[BR] A FILTER  2048 B  da=badc18c5a289 sa=020000000001
[SV] Packet #256 port A  2048 B (wire 7306) ts=1790921116.898121
[BR] A FILTER  2048 B  da=badc18c5a289 sa=020000000001
[SV] Packet #257 port A  66 B (wire 66) ts=1790921116.898125
[BR] A FILTER  66 B  da=020000000001 sa=badc18c5a289
[SV] Packet #258 port A  2048 B (wire 65226) ts=1790921116.898127
[BR] A FILTER  2048 B  da=badc18c5a289 sa=020000000001
[SV] Packet #259 port A  2048 B (wire 65226) ts=1790921116.898132
[BR] A FILTER  2048 B  da=badc18c5a289 sa=020000000001
[SV] Packet #260 port A  66 B (wire 66) ts=1790921116.898133
[BR] A FILTER  66 B  da=020000000001 sa=badc18c5a289
[SV] Packet #261 port A  2048 B (wire 2202) ts=1790921116.898136
[BR] A FILTER  2048 B  da=badc18c5a289 sa=020000000001
[SV] Packet #262 port A  66 B (wire 66) ts=1790921116.898140
[BR] A FILTER  66 B  da=020000000001 sa=badc18c5a289
[SV] Packet #263 port A  2048 B (wire 65226) ts=1790921116.898142
[BR] A FILTER  2048 B  da=badc18c5a289 sa=020000000001
[SV] Packet #264 port A  2048 B (wire 65226) ts=1790921116.898170
[BR] A FILTER  2048 B  da=badc18c5a289 sa=020000000001
[SV] Packet #265 port A  818 B (wire 818) ts=1790921116.898173
[BR] A FILTER  818 B  da=badc18c5a289 sa=020000000001
[SV] Packet #266 port A  2048 B (wire 65226) ts=1790921116.898179
[BR] A FILTER  2048 B  da=badc18c5a289 sa=020000000001
[SV] Packet #267 port A  2048 B (wire 65226) ts=1790921116.898184
[BR] A FILTER  2048 B  da=badc18c5a289 sa=020000000001
[SV] Packet #268 port A  2048 B (wire 65226) ts=1790921116.898190
[BR] A FILTER  2048 B  da=badc18c5a289 sa=020000000001
[SV] Packet #269 port A  2048 B (wire 65226) ts=1790921116.898195
[BR] A FILTER  2048 B  da=badc18c5a289 sa=020000000001
[SV] Packet #270 port A  1514 B (wire 1514) ts=1790921116.898197
[BR] A FILTER  1514 B  da=badc18c5a289 sa=020000000001
[SV] Packet #271 port A  2048 B (wire 65226) ts=1790921116.898202
[BR] A FILTER  2048 B  da=badc18c5a289 sa=020000000001
[SV] Packet #272 port A  66 B (wire 66) ts=1790921116.898205
[BR] A FILTER  66 B  da=020000000001 sa=badc18c5a289
[SV] Packet #273 port A  2048 B (wire 18930) ts=1790921116.898207
[BR] A FILTER  2048 B  da=badc18c5a289 sa=020000000001
[SV] Packet #274 port A  2048 B (wire 46402) ts=1790921116.898210
[BR] A FILTER  2048 B  da=badc18c5a289 sa=020000000001
[SV] Packet #275 port A  66 B (wire 66) ts=1790921116.898214
[BR] A FILTER  66 B  da=020000000001 sa=badc18c5a289
[SV] Packet #276 port A  2048 B (wire 58122) ts=1790921116.898216
[BR] A FILTER  2048 B  da=badc18c5a289 sa=020000000001
[SV] Packet #277 port A  66 B (wire 66) ts=1790921116.898221
[BR] A FILTER  66 B  da=020000000001 sa=badc18c5a289
[SV] Packet #278 port A  2048 B (wire 65226) ts=1790921116.898222
[BR] A FILTER  2048 B  da=badc18c5a289 sa=020000000001
[SV] Packet #279 port A  2048 B (wire 7306) ts=1790921116.898225
[BR] A FILTER  2048 B  da=badc18c5a289 sa=020000000001
[SV] Packet #280 port A  66 B (wire 66) ts=1790921116.898228
[BR] A FILTER  66 B  da=020000000001 sa=badc18c5a289
[SV] Packet #281 port A  2048 B (wire 65226) ts=1790921116.898231
[BR] A FILTER  2048 B  da=badc18c5a289 sa=020000000001
[SV] Packet #282 port A  66 B (wire 66) ts=1790921116.898236
[BR] A FILTER  66 B  da=020000000001 sa=badc18c5a289
[SV] Packet #283 port A  2048 B (wire 65226) ts=1790921116.898237
[BR] A FILTER  2048 B  da=badc18c5a289 sa=020000000001
[SV] Packet #284 port A  2048 B (wire 2202) ts=1790921116.898240
[BR] A FILTER  2048 B  da=badc18c5a289 sa=020000000001
[SV] Packet #285 port A  66 B (wire 66) ts=1790921116.898243
[BR] A FILTER  66 B  da=020000000001 sa=badc18c5a289
[SV] Packet #286 port A  2048 B (wire 65226) ts=1790921116.898245
[BR] A FILTER  2048 B  da=badc18c5a289 sa=020000000001
[SV] Packet #287 port A  2048 B (wire 65226) ts=1790921116.898273
[BR] A FILTER  2048 B  da=badc18c5a289 sa=020000000001
[SV] Packet #288 port A  818 B (wire 818) ts=1790921116.898277
[BR] A FILTER  818 B  da=badc18c5a289 sa=020000000001
[SV] Packet #289 port A  2048 B (wire 65226) ts=1790921116.898303
[BR] A FILTER  2048 B  da=badc18c5a289 sa=020000000001
[SV] Packet #290 port A  2048 B (wire 65226) ts=1790921116.898308
[BR] A FILTER  2048 B  da=badc18c5a289 sa=020000000001
[SV] Packet #291 port A  66 B (wire 66) ts=1790921116.898309
[BR] A FILTER  66 B  da=020000000001 sa=badc18c5a289
[SV] Packet #292 port A  818 B (wire 818) ts=1790921116.898312
[BR] A FILTER  818 B  da=badc18c5a289 sa=020000000001
[SV] Packet #293 port A  2048 B (wire 65226) ts=1790921116.898317
[BR] A FILTER  2048 B  da=badc18c5a289 sa=020000000001
[SV] Packet #294 port A  66 B (wire 66) ts=1790921116.898318
[BR] A FILTER  66 B  da=020000000001 sa=badc18c5a289
[SV] Packet #295 port A  66 B (wire 66) ts=1790921116.898322
[BR] A FILTER  66 B  da=020000000001 sa=badc18c5a289
[SV] Packet #296 port A  2048 B (wire 65226) ts=1790921116.898323
[BR] A FILTER  2048 B  da=badc18c5a289 sa=020000000001
[SV] Packet #297 port A  818 B (wire 818) ts=1790921116.898327
[BR] A FILTER  818 B  da=badc18c5a289 sa=020000000001
[SV] Packet #298 port A  66 B (wire 66) ts=1790921116.898328
[BR] A FILTER  66 B  da=020000000001 sa=badc18c5a289
[SV] Packet #299 port A  2048 B (wire 65226) ts=1790921116.898332
[BR] A FILTER  2048 B  da=badc18c5a289 sa=020000000001
[SV] Packet #300 port A  2048 B (wire 65226) ts=1790921116.898361
[BR] A FILTER  2048 B  da=badc18c5a289 sa=020000000001
[SV] Packet #301 port A  818 B (wire 818) ts=1790921116.898364
[BR] A FILTER  818 B  da=badc18c5a289 sa=020000000001
[SV] Packet #302 port A  2048 B (wire 65226) ts=1790921116.898370
[BR] A FILTER  2048 B  da=badc18c5a289 sa=020000000001
[SV] Packet #303 port A  2048 B (wire 65226) ts=1790921116.898375
[BR] A FILTER  2048 B  da=badc18c5a289 sa=020000000001
[SV] Packet #304 port A  2048 B (wire 65226) ts=1790921116.898380
[BR] A FILTER  2048 B  da=badc18c5a289 sa=020000000001
[SV] Packet #305 port A  2048 B (wire 65226) ts=1790921116.898385
[BR] A FILTER  2048 B  da=badc18c5a289 sa=020000000001
[SV] Packet #306 port A  1514 B (wire 1514) ts=1790921116.898387
[BR] A FILTER  1514 B  da=badc18c5a289 sa=020000000001
[SV] Packet #307 port A  2048 B (wire 65226) ts=1790921116.898392
[BR] A FILTER  2048 B  da=badc18c5a289 sa=020000000001
[SV] Packet #308 port A  66 B (wire 66) ts=1790921116.898393
[BR] A FILTER  66 B  da=020000000001 sa=badc18c5a289
[SV] Packet #309 port A  2048 B (wire 22002) ts=1790921116.898397
[BR] A FILTER  2048 B  da=badc18c5a289 sa=020000000001
[SV] Packet #310 port A  2048 B (wire 43506) ts=1790921116.898401
[BR] A FILTER  2048 B  da=badc18c5a289 sa=020000000001
[SV] Packet #311 port A  66 B (wire 66) ts=1790921116.898402
[BR] A FILTER  66 B  da=020000000001 sa=badc18c5a289
[SV] Packet #312 port A  66 B (wire 66) ts=1790921116.898411
[BR] A FILTER  66 B  da=020000000001 sa=badc18c5a289
[SV] Packet #313 port A  2048 B (wire 65226) ts=1790921116.899044
[BR] A FILTER  2048 B  da=badc18c5a289 sa=020000000001
[SV] Packet #314 port A  66 B (wire 66) ts=1790921116.899052
[BR] A FILTER  66 B  da=020000000001 sa=badc18c5a289
[SV] Packet #315 port A  2048 B (wire 65226) ts=1790921116.899059
[BR] A FILTER  2048 B  da=badc18c5a289 sa=020000000001
[SV] Packet #316 port A  1410 B (wire 1410) ts=1790921116.899062
[BR] A FILTER  1410 B  da=badc18c5a289 sa=020000000001
[SV] Packet #317 port A  2048 B (wire 65226) ts=1790921116.899206
[BR] A FILTER  2048 B  da=badc18c5a289 sa=020000000001
[SV] Packet #318 port A  2048 B (wire 65226) ts=1790921116.899212
[BR] A FILTER  2048 B  da=badc18c5a289 sa=020000000001
[SV] Packet #319 port A  2048 B (wire 65226) ts=1790921116.899218
[BR] A FILTER  2048 B  da=badc18c5a289 sa=020000000001
[SV] Packet #320 port A  2048 B (wire 65226) ts=1790921116.899223
[BR] A FILTER  2048 B  da=badc18c5a289 sa=020000000001
[SV] Packet #321 port A  1514 B (wire 1514) ts=1790921116.899225
[BR] A FILTER  1514 B  da=badc18c5a289 sa=020000000001
[SV] Packet #322 port A  2048 B (wire 65226) ts=1790921116.899230
[BR] A FILTER  2048 B  da=badc18c5a289 sa=020000000001
[SV] Packet #323 port A  2048 B (wire 31274) ts=1790921116.899235
[BR] A FILTER  2048 B  da=badc18c5a289 sa=020000000001
[SV] Packet #324 port A  66 B (wire 66) ts=1790921116.899577
[BR] A FILTER  66 B  da=020000000001 sa=badc18c5a289
[SV] Packet #325 port A  2048 B (wire 41026) ts=1790921116.899587
[BR] A FILTER  2048 B  da=badc18c5a289 sa=020000000001
[SV] Packet #326 port A  66 B (wire 66) ts=1790921116.899590
[BR] A FILTER  66 B  da=020000000001 sa=badc18c5a289
[SV] Packet #327 port A  66 B (wire 66) ts=1790921116.899598
[BR] A FILTER  66 B  da=020000000001 sa=badc18c5a289
[SV] Packet #328 port A  2048 B (wire 65226) ts=1790921116.899603
[BR] A FILTER  2048 B  da=badc18c5a289 sa=020000000001
[SV] Packet #329 port A  2048 B (wire 15994) ts=1790921116.899606
[BR] A FILTER  2048 B  da=badc18c5a289 sa=020000000001
[SV] Packet #330 port A  2048 B (wire 65226) ts=1790921116.899609
[BR] A FILTER  2048 B  da=badc18c5a289 sa=020000000001
[SV] Packet #331 port A  66 B (wire 66) ts=1790921116.899609
[BR] A FILTER  66 B  da=020000000001 sa=badc18c5a289
[SV] Packet #332 port A  2048 B (wire 65226) ts=1790921116.899611
[BR] A FILTER  2048 B  da=badc18c5a289 sa=020000000001
[SV] Packet #333 port A  2048 B (wire 29298) ts=1790921116.899613
[BR] A FILTER  2048 B  da=badc18c5a289 sa=020000000001
[SV] Packet #334 port A  66 B (wire 66) ts=1790921116.899615
[BR] A FILTER  66 B  da=020000000001 sa=badc18c5a289
[SV] Packet #335 port A  2048 B (wire 65226) ts=1790921116.899615
[BR] A FILTER  2048 B  da=badc18c5a289 sa=020000000001
[SV] Packet #336 port A  2048 B (wire 65226) ts=1790921116.899617
[BR] A FILTER  2048 B  da=badc18c5a289 sa=020000000001
[SV] Packet #337 port A  2048 B (wire 56538) ts=1790921116.899619
[BR] A FILTER  2048 B  da=badc18c5a289 sa=020000000001
[SV] Packet #338 port A  2048 B (wire 59434) ts=1790921116.899621
[BR] A FILTER  2048 B  da=badc18c5a289 sa=020000000001
[SV] Packet #339 port A  66 B (wire 66) ts=1790921116.899622
[BR] A FILTER  66 B  da=020000000001 sa=badc18c5a289
[SV] Packet #340 port A  2048 B (wire 65226) ts=1790921116.899626
[BR] A FILTER  2048 B  da=badc18c5a289 sa=020000000001
[SV] Packet #341 port A  2048 B (wire 65226) ts=1790921116.899627
[BR] A FILTER  2048 B  da=badc18c5a289 sa=020000000001
[SV] Packet #342 port A  2048 B (wire 65226) ts=1790921116.899629
[BR] A FILTER  2048 B  da=badc18c5a289 sa=020000000001
[SV] Packet #343 port A  2048 B (wire 65226) ts=1790921116.899631
[BR] A FILTER  2048 B  da=badc18c5a289 sa=020000000001
[SV] Packet #344 port A  66 B (wire 66) ts=1790921116.899632
[BR] A FILTER  66 B  da=020000000001 sa=badc18c5a289
[SV] Packet #345 port A  2048 B (wire 11034) ts=1790921116.899633
[BR] A FILTER  2048 B  da=badc18c5a289 sa=020000000001
[SV] Packet #346 port A  2048 B (wire 8754) ts=1790921116.899636
[BR] A FILTER  2048 B  da=badc18c5a289 sa=020000000001
[SV] Packet #347 port A  66 B (wire 66) ts=1790921116.899641
[BR] A FILTER  66 B  da=020000000001 sa=badc18c5a289
[SV] Packet #348 port A  2048 B (wire 65226) ts=1790921116.899648
[BR] A FILTER  2048 B  da=badc18c5a289 sa=020000000001
[SV] Packet #349 port A  66 B (wire 66) ts=1790921116.899649
[BR] A FILTER  66 B  da=020000000001 sa=badc18c5a289
[SV] Packet #350 port A  2048 B (wire 65226) ts=1790921116.899652
[BR] A FILTER  2048 B  da=badc18c5a289 sa=020000000001
[SV] Packet #351 port A  2048 B (wire 65226) ts=1790921116.899654
[BR] A FILTER  2048 B  da=badc18c5a289 sa=020000000001
[SV] Packet #352 port A  2048 B (wire 65226) ts=1790921116.899655
[BR] A FILTER  2048 B  da=badc18c5a289 sa=020000000001
[SV] Packet #353 port A  2048 B (wire 65226) ts=1790921116.899657
[BR] A FILTER  2048 B  da=badc18c5a289 sa=020000000001
[SV] Packet #354 port A  66 B (wire 66) ts=1790921116.899657
[BR] A FILTER  66 B  da=020000000001 sa=badc18c5a289
[SV] Packet #355 port A  2048 B (wire 33194) ts=1790921116.899659
[BR] A FILTER  2048 B  da=badc18c5a289 sa=020000000001
[SV] Packet #356 port A  2048 B (wire 65226) ts=1790921116.899662
[BR] A FILTER  2048 B  da=badc18c5a289 sa=020000000001
[SV] Packet #357 port A  2048 B (wire 56538) ts=1790921116.899663
[BR] A FILTER  2048 B  da=badc18c5a289 sa=020000000001
[SV] Packet #358 port A  66 B (wire 66) ts=1790921116.899666
[BR] A FILTER  66 B  da=020000000001 sa=badc18c5a289
[SV] Packet #359 port A  66 B (wire 66) ts=1790921116.899673
[BR] A FILTER  66 B  da=020000000001 sa=badc18c5a289
[SV] Packet #360 port A  2048 B (wire 65226) ts=1790921116.899676
[BR] A FILTER  2048 B  da=badc18c5a289 sa=020000000001
[SV] Packet #361 port A  2048 B (wire 65226) ts=1790921116.899679
[BR] A FILTER  2048 B  da=badc18c5a289 sa=020000000001
[SV] Packet #362 port A  2048 B (wire 65226) ts=1790921116.899682
[BR] A FILTER  2048 B  da=badc18c5a289 sa=020000000001
[SV] Packet #363 port A  2048 B (wire 65226) ts=1790921116.899684
[BR] A FILTER  2048 B  da=badc18c5a289 sa=020000000001
[SV] Packet #364 port A  2048 B (wire 65226) ts=1790921116.899685
[BR] A FILTER  2048 B  da=badc18c5a289 sa=020000000001
[SV] Packet #365 port A  2048 B (wire 65226) ts=1790921116.899686
[BR] A FILTER  2048 B  da=badc18c5a289 sa=020000000001
[SV] Packet #366 port A  66 B (wire 66) ts=1790921116.899686
[BR] A FILTER  66 B  da=020000000001 sa=badc18c5a289
[SV] Packet #367 port A  2048 B (wire 30994) ts=1790921116.899688
[BR] A FILTER  2048 B  da=badc18c5a289 sa=020000000001
[SV] Packet #368 port A  66 B (wire 66) ts=1790921116.899695
[BR] A FILTER  66 B  da=020000000001 sa=badc18c5a289
[SV] Packet #369 port A  2048 B (wire 65226) ts=1790921116.899703
[BR] A FILTER  2048 B  da=badc18c5a289 sa=020000000001
[SV] Packet #370 port A  66 B (wire 66) ts=1790921116.899703
[BR] A FILTER  66 B  da=020000000001 sa=badc18c5a289
[SV] Packet #371 port A  2048 B (wire 65226) ts=1790921116.899707
[BR] A FILTER  2048 B  da=badc18c5a289 sa=020000000001
[SV] Packet #372 port A  2048 B (wire 62258) ts=1790921116.899709
[BR] A FILTER  2048 B  da=badc18c5a289 sa=020000000001
[SV] Packet #373 port A  66 B (wire 66) ts=1790921116.899711
[BR] A FILTER  66 B  da=020000000001 sa=badc18c5a289
[SV] Packet #374 port A  2048 B (wire 65226) ts=1790921116.899711
[BR] A FILTER  2048 B  da=badc18c5a289 sa=020000000001
[SV] Packet #375 port A  2048 B (wire 65226) ts=1790921116.899713
[BR] A FILTER  2048 B  da=badc18c5a289 sa=020000000001
[SV] Packet #376 port A  2048 B (wire 65226) ts=1790921116.899714
[BR] A FILTER  2048 B  da=badc18c5a289 sa=020000000001
[SV] Packet #377 port A  2048 B (wire 65226) ts=1790921116.899715
[BR] A FILTER  2048 B  da=badc18c5a289 sa=020000000001
[SV] Packet #378 port A  2048 B (wire 21786) ts=1790921116.899716
[BR] A FILTER  2048 B  da=badc18c5a289 sa=020000000001
[SV] Packet #379 port A  66 B (wire 66) ts=1790921116.899717
[BR] A FILTER  66 B  da=020000000001 sa=badc18c5a289
[SV] Packet #380 port A  2048 B (wire 65226) ts=1790921116.899719
[BR] A FILTER  2048 B  da=badc18c5a289 sa=020000000001
[SV] Packet #381 port A  2048 B (wire 11650) ts=1790921116.899721
[BR] A FILTER  2048 B  da=badc18c5a289 sa=020000000001
[SV] Packet #382 port A  930 B (wire 930) ts=1790921116.899722
[BR] A FILTER  930 B  da=badc18c5a289 sa=020000000001
[SV] Packet #383 port A  66 B (wire 66) ts=1790921116.899725
[BR] A FILTER  66 B  da=020000000001 sa=badc18c5a289
[SV] Packet #384 port A  66 B (wire 66) ts=1790921116.899734
[BR] A FILTER  66 B  da=020000000001 sa=badc18c5a289
[SV] Packet #385 port A  2048 B (wire 65226) ts=1790921116.900132
[BR] A FILTER  2048 B  da=badc18c5a289 sa=020000000001
[SV] Packet #386 port A  66 B (wire 66) ts=1790921116.900162
[BR] A FILTER  66 B  da=020000000001 sa=badc18c5a289
[SV] Packet #387 port A  2048 B (wire 65226) ts=1790921116.900169
[BR] A FILTER  2048 B  da=badc18c5a289 sa=020000000001
[SV] Packet #388 port A  818 B (wire 818) ts=1790921116.900171
[BR] A FILTER  818 B  da=badc18c5a289 sa=020000000001
[SV] Packet #389 port A  2048 B (wire 65226) ts=1790921116.900178
[BR] A FILTER  2048 B  da=badc18c5a289 sa=020000000001
[SV] Packet #390 port A  2048 B (wire 65226) ts=1790921116.900183
[BR] A FILTER  2048 B  da=badc18c5a289 sa=020000000001
[SV] Packet #391 port A  2048 B (wire 65226) ts=1790921116.900189
[BR] A FILTER  2048 B  da=badc18c5a289 sa=020000000001
[SV] Packet #392 port A  2048 B (wire 65226) ts=1790921116.900194
[BR] A FILTER  2048 B  da=badc18c5a289 sa=020000000001
[SV] Packet #393 port A  1514 B (wire 1514) ts=1790921116.900196
[BR] A FILTER  1514 B  da=badc18c5a289 sa=020000000001
[SV] Packet #394 port A  2048 B (wire 65226) ts=1790921116.900201
[BR] A FILTER  2048 B  da=badc18c5a289 sa=020000000001
[SV] Packet #395 port A  2048 B (wire 65226) ts=1790921116.900206
[BR] A FILTER  2048 B  da=badc18c5a289 sa=020000000001
[SV] Packet #396 port A  2048 B (wire 26130) ts=1790921116.900212
[BR] A FILTER  2048 B  da=badc18c5a289 sa=020000000001
[SV] Packet #397 port A  66 B (wire 66) ts=1790921116.900415
[BR] A FILTER  66 B  da=020000000001 sa=badc18c5a289
[SV] Packet #398 port A  2048 B (wire 65226) ts=1790921116.900429
[BR] A FILTER  2048 B  da=badc18c5a289 sa=020000000001
[SV] Packet #399 port A  66 B (wire 66) ts=1790921116.900434
[BR] A FILTER  66 B  da=020000000001 sa=badc18c5a289
[SV] Packet #400 port A  2048 B (wire 65226) ts=1790921116.900436
[BR] A FILTER  2048 B  da=badc18c5a289 sa=020000000001
[SV] Packet #401 port A  2048 B (wire 65226) ts=1790921116.900437
[BR] A FILTER  2048 B  da=badc18c5a289 sa=020000000001
[SV] Packet #402 port A  2048 B (wire 47274) ts=1790921116.900439
[BR] A FILTER  2048 B  da=badc18c5a289 sa=020000000001
[SV] Packet #403 port A  2048 B (wire 65226) ts=1790921116.900442
[BR] A FILTER  2048 B  da=badc18c5a289 sa=020000000001
[SV] Packet #404 port A  2048 B (wire 59434) ts=1790921116.900444
[BR] A FILTER  2048 B  da=badc18c5a289 sa=020000000001
[SV] Packet #405 port A  66 B (wire 66) ts=1790921116.900459
[BR] A FILTER  66 B  da=020000000001 sa=badc18c5a289
[SV] Packet #406 port A  2048 B (wire 65226) ts=1790921116.900465
[BR] A FILTER  2048 B  da=badc18c5a289 sa=020000000001
[SV] Packet #407 port A  2048 B (wire 65226) ts=1790921116.900467
[BR] A FILTER  2048 B  da=badc18c5a289 sa=020000000001
[SV] Packet #408 port A  2048 B (wire 65226) ts=1790921116.900469
[BR] A FILTER  2048 B  da=badc18c5a289 sa=020000000001
[SV] Packet #409 port A  2048 B (wire 65226) ts=1790921116.900470
[BR] A FILTER  2048 B  da=badc18c5a289 sa=020000000001
[SV] Packet #410 port A  2048 B (wire 8738) ts=1790921116.900471
[BR] A FILTER  2048 B  da=badc18c5a289 sa=020000000001
[SV] Packet #411 port A  66 B (wire 66) ts=1790921116.900484
[BR] A FILTER  66 B  da=020000000001 sa=badc18c5a289
[SV] Packet #412 port A  66 B (wire 66) ts=1790921116.900498
[BR] A FILTER  66 B  da=020000000001 sa=badc18c5a289
[SV] Packet #413 port A  2048 B (wire 65226) ts=1790921116.900500
[BR] A FILTER  2048 B  da=badc18c5a289 sa=020000000001
[SV] Packet #414 port A  2048 B (wire 65226) ts=1790921116.900504
[BR] A FILTER  2048 B  da=badc18c5a289 sa=020000000001
[SV] Packet #415 port A  2048 B (wire 65226) ts=1790921116.900505
[BR] A FILTER  2048 B  da=badc18c5a289 sa=020000000001
[SV] Packet #416 port A  2048 B (wire 65226) ts=1790921116.900506
[BR] A FILTER  2048 B  da=badc18c5a289 sa=020000000001
[SV] Packet #417 port A  2048 B (wire 65226) ts=1790921116.900507
[BR] A FILTER  2048 B  da=badc18c5a289 sa=020000000001
[SV] Packet #418 port A  2048 B (wire 2970) ts=1790921116.900508
[BR] A FILTER  2048 B  da=badc18c5a289 sa=020000000001
[SV] Packet #419 port A  66 B (wire 66) ts=1790921116.900524
[BR] A FILTER  66 B  da=020000000001 sa=badc18c5a289
[SV] Packet #420 port A  66 B (wire 66) ts=1790921116.900537
[BR] A FILTER  66 B  da=020000000001 sa=badc18c5a289
[SV] Packet #421 port A  2048 B (wire 65226) ts=1790921116.900538
[BR] A FILTER  2048 B  da=badc18c5a289 sa=020000000001
[SV] Packet #422 port A  2048 B (wire 65226) ts=1790921116.900542
[BR] A FILTER  2048 B  da=badc18c5a289 sa=020000000001
[SV] Packet #423 port A  2048 B (wire 65226) ts=1790921116.900543
[BR] A FILTER  2048 B  da=badc18c5a289 sa=020000000001
[SV] Packet #424 port A  2048 B (wire 65226) ts=1790921116.900544
[BR] A FILTER  2048 B  da=badc18c5a289 sa=020000000001
[SV] Packet #425 port A  2048 B (wire 65226) ts=1790921116.900545
[BR] A FILTER  2048 B  da=badc18c5a289 sa=020000000001
[SV] Packet #426 port A  2048 B (wire 57242) ts=1790921116.900547
[BR] A FILTER  2048 B  da=badc18c5a289 sa=020000000001
[SV] Packet #427 port A  66 B (wire 66) ts=1790921116.900564
[BR] A FILTER  66 B  da=020000000001 sa=badc18c5a289
[SV] Packet #428 port A  2048 B (wire 65226) ts=1790921116.900567
[BR] A FILTER  2048 B  da=badc18c5a289 sa=020000000001
[SV] Packet #429 port A  2048 B (wire 65226) ts=1790921116.900569
[BR] A FILTER  2048 B  da=badc18c5a289 sa=020000000001
[SV] Packet #430 port A  2048 B (wire 65226) ts=1790921116.900570
[BR] A FILTER  2048 B  da=badc18c5a289 sa=020000000001
[SV] Packet #431 port A  2048 B (wire 65226) ts=1790921116.900571
[BR] A FILTER  2048 B  da=badc18c5a289 sa=020000000001
[SV] Packet #432 port A  2048 B (wire 15906) ts=1790921116.900573
[BR] A FILTER  2048 B  da=badc18c5a289 sa=020000000001
[SV] Packet #433 port A  66 B (wire 66) ts=1790921116.900586
[BR] A FILTER  66 B  da=020000000001 sa=badc18c5a289
[SV] Packet #434 port A  66 B (wire 66) ts=1790921116.900596
[BR] A FILTER  66 B  da=020000000001 sa=badc18c5a289
[SV] Packet #435 port A  2048 B (wire 65226) ts=1790921116.900603
[BR] A FILTER  2048 B  da=badc18c5a289 sa=020000000001
[SV] Packet #436 port A  2048 B (wire 65226) ts=1790921116.900606
[BR] A FILTER  2048 B  da=badc18c5a289 sa=020000000001
[SV] Packet #437 port A  2048 B (wire 65226) ts=1790921116.900607
[BR] A FILTER  2048 B  da=badc18c5a289 sa=020000000001
[SV] Packet #438 port A  2048 B (wire 65226) ts=1790921116.900608
[BR] A FILTER  2048 B  da=badc18c5a289 sa=020000000001
[SV] Packet #439 port A  2048 B (wire 64034) ts=1790921116.900609
[BR] A FILTER  2048 B  da=badc18c5a289 sa=020000000001
[SV] Packet #440 port A  66 B (wire 66) ts=1790921116.900614
[BR] A FILTER  66 B  da=020000000001 sa=badc18c5a289
[SV] Packet #441 port A  2048 B (wire 65226) ts=1790921116.900622
[BR] A FILTER  2048 B  da=badc18c5a289 sa=020000000001
[SV] Packet #442 port A  2048 B (wire 2962) ts=1790921116.900623
[BR] A FILTER  2048 B  da=badc18c5a289 sa=020000000001
[SV] Packet #443 port A  66 B (wire 66) ts=1790921116.900625
[BR] A FILTER  66 B  da=020000000001 sa=badc18c5a289
[SV] Packet #444 port A  2048 B (wire 65226) ts=1790921116.900635
[BR] A FILTER  2048 B  da=badc18c5a289 sa=020000000001
[SV] Packet #445 port A  66 B (wire 66) ts=1790921116.900636
[BR] A FILTER  66 B  da=020000000001 sa=badc18c5a289
[SV] Packet #446 port A  2048 B (wire 65226) ts=1790921116.900637
[BR] A FILTER  2048 B  da=badc18c5a289 sa=020000000001
[SV] Packet #447 port A  2048 B (wire 65226) ts=1790921116.900638
[BR] A FILTER  2048 B  da=badc18c5a289 sa=020000000001
[SV] Packet #448 port A  2048 B (wire 65226) ts=1790921116.900640
[BR] A FILTER  2048 B  da=badc18c5a289 sa=020000000001
[SV] Packet #449 port A  2048 B (wire 55370) ts=1790921116.900641
[BR] A FILTER  2048 B  da=badc18c5a289 sa=020000000001
[SV] Packet #450 port A  2048 B (wire 65226) ts=1790921116.900643
[BR] A FILTER  2048 B  da=badc18c5a289 sa=020000000001
[SV] Packet #451 port A  2048 B (wire 65226) ts=1790921116.900645
[BR] A FILTER  2048 B  da=badc18c5a289 sa=020000000001
[SV] Packet #452 port A  2048 B (wire 53642) ts=1790921116.900646
[BR] A FILTER  2048 B  da=badc18c5a289 sa=020000000001
[SV] Packet #453 port A  66 B (wire 66) ts=1790921116.900648
[BR] A FILTER  66 B  da=020000000001 sa=badc18c5a289
[SV] Packet #454 port A  66 B (wire 66) ts=1790921116.900660
[BR] A FILTER  66 B  da=020000000001 sa=badc18c5a289
[SV] Packet #455 port A  2048 B (wire 65226) ts=1790921116.900667
[BR] A FILTER  2048 B  da=badc18c5a289 sa=020000000001
[SV] Packet #456 port A  2048 B (wire 65226) ts=1790921116.900670
[BR] A FILTER  2048 B  da=badc18c5a289 sa=020000000001
[SV] Packet #457 port A  66 B (wire 66) ts=1790921116.900672
[BR] A FILTER  66 B  da=020000000001 sa=badc18c5a289
[SV] Packet #458 port A  2048 B (wire 65226) ts=1790921116.900673
[BR] A FILTER  2048 B  da=badc18c5a289 sa=020000000001
[SV] Packet #459 port A  2048 B (wire 65226) ts=1790921116.900674
[BR] A FILTER  2048 B  da=badc18c5a289 sa=020000000001
[SV] Packet #460 port A  2048 B (wire 27170) ts=1790921116.900675
[BR] A FILTER  2048 B  da=badc18c5a289 sa=020000000001
[SV] Packet #461 port A  2048 B (wire 65226) ts=1790921116.900677
[BR] A FILTER  2048 B  da=badc18c5a289 sa=020000000001
[SV] Packet #462 port A  2048 B (wire 65226) ts=1790921116.900678
[BR] A FILTER  2048 B  da=badc18c5a289 sa=020000000001
[SV] Packet #463 port A  2048 B (wire 43506) ts=1790921116.900680
[BR] A FILTER  2048 B  da=badc18c5a289 sa=020000000001
[SV] Packet #464 port A  66 B (wire 66) ts=1790921116.900682
[BR] A FILTER  66 B  da=020000000001 sa=badc18c5a289
[SV] Packet #465 port A  66 B (wire 66) ts=1790921116.900694
[BR] A FILTER  66 B  da=020000000001 sa=badc18c5a289
[SV] Packet #466 port A  2048 B (wire 65226) ts=1790921116.900701
[BR] A FILTER  2048 B  da=badc18c5a289 sa=020000000001
[SV] Packet #467 port A  2048 B (wire 65226) ts=1790921116.900702
[BR] A FILTER  2048 B  da=badc18c5a289 sa=020000000001
[SV] Packet #468 port A  2048 B (wire 30514) ts=1790921116.900704
[BR] A FILTER  2048 B  da=badc18c5a289 sa=020000000001
[SV] Packet #469 port A  66 B (wire 66) ts=1790921116.900713
[BR] A FILTER  66 B  da=020000000001 sa=badc18c5a289
[SV] Packet #470 port A  2048 B (wire 65226) ts=1790921116.900715
[BR] A FILTER  2048 B  da=badc18c5a289 sa=020000000001
[SV] Packet #471 port A  2048 B (wire 65226) ts=1790921116.900719
[BR] A FILTER  2048 B  da=badc18c5a289 sa=020000000001
[SV] Packet #472 port A  2048 B (wire 65226) ts=1790921116.900720
[BR] A FILTER  2048 B  da=badc18c5a289 sa=020000000001
[SV] Packet #473 port A  2048 B (wire 65226) ts=1790921116.900721
[BR] A FILTER  2048 B  da=badc18c5a289 sa=020000000001
[SV] Packet #474 port A  2048 B (wire 60962) ts=1790921116.900722
[BR] A FILTER  2048 B  da=badc18c5a289 sa=020000000001
[SV] Packet #475 port A  66 B (wire 66) ts=1790921116.900733
[BR] A FILTER  66 B  da=020000000001 sa=badc18c5a289
[SV] Packet #476 port A  2048 B (wire 65226) ts=1790921116.900743
[BR] A FILTER  2048 B  da=badc18c5a289 sa=020000000001
[SV] Packet #477 port A  2048 B (wire 65226) ts=1790921116.900744
[BR] A FILTER  2048 B  da=badc18c5a289 sa=020000000001
[SV] Packet #478 port A  2048 B (wire 21298) ts=1790921116.900746
[BR] A FILTER  2048 B  da=badc18c5a289 sa=020000000001
[SV] Packet #479 port A  66 B (wire 66) ts=1790921116.900753
[BR] A FILTER  66 B  da=020000000001 sa=badc18c5a289
[SV] Packet #480 port A  2048 B (wire 65226) ts=1790921116.900758
[BR] A FILTER  2048 B  da=badc18c5a289 sa=020000000001
[SV] Packet #481 port A  2048 B (wire 65226) ts=1790921116.900760
[BR] A FILTER  2048 B  da=badc18c5a289 sa=020000000001
[SV] Packet #482 port A  2048 B (wire 65226) ts=1790921116.900761
[BR] A FILTER  2048 B  da=badc18c5a289 sa=020000000001
[SV] Packet #483 port A  2048 B (wire 65226) ts=1790921116.900762
[BR] A FILTER  2048 B  da=badc18c5a289 sa=020000000001
[SV] Packet #484 port A  66 B (wire 66) ts=1790921116.900764
[BR] A FILTER  66 B  da=020000000001 sa=badc18c5a289
[SV] Packet #485 port A  66 B (wire 66) ts=1790921116.900775
[BR] A FILTER  66 B  da=020000000001 sa=badc18c5a289
[SV] Packet #486 port A  2048 B (wire 65226) ts=1790921116.900783
[BR] A FILTER  2048 B  da=badc18c5a289 sa=020000000001
[SV] Packet #487 port A  2048 B (wire 65226) ts=1790921116.900785
[BR] A FILTER  2048 B  da=badc18c5a289 sa=020000000001
[SV] Packet #488 port A  66 B (wire 66) ts=1790921116.900786
[BR] A FILTER  66 B  da=020000000001 sa=badc18c5a289
[SV] Packet #489 port A  2048 B (wire 65226) ts=1790921116.900787
[BR] A FILTER  2048 B  da=badc18c5a289 sa=020000000001
[SV] Packet #490 port A  2048 B (wire 3242) ts=1790921116.900788
[BR] A FILTER  2048 B  da=badc18c5a289 sa=020000000001
[SV] Packet #491 port A  2048 B (wire 65226) ts=1790921116.900790
[BR] A FILTER  2048 B  da=badc18c5a289 sa=020000000001
[SV] Packet #492 port A  2048 B (wire 65226) ts=1790921116.900791
[BR] A FILTER  2048 B  da=badc18c5a289 sa=020000000001
[SV] Packet #493 port A  2048 B (wire 65226) ts=1790921116.900792
[BR] A FILTER  2048 B  da=badc18c5a289 sa=020000000001
[SV] Packet #494 port A  2048 B (wire 49298) ts=1790921116.900794
[BR] A FILTER  2048 B  da=badc18c5a289 sa=020000000001
[SV] Packet #495 port A  66 B (wire 66) ts=1790921116.900799
[BR] A FILTER  66 B  da=020000000001 sa=badc18c5a289
[SV] Packet #496 port A  66 B (wire 66) ts=1790921116.900811
[BR] A FILTER  66 B  da=020000000001 sa=badc18c5a289
[SV] Packet #497 port A  2048 B (wire 65226) ts=1790921116.900815
[BR] A FILTER  2048 B  da=badc18c5a289 sa=020000000001
[SV] Packet #498 port A  2048 B (wire 65226) ts=1790921116.900816
[BR] A FILTER  2048 B  da=badc18c5a289 sa=020000000001
[SV] Packet #499 port A  2048 B (wire 35634) ts=1790921116.900817
[BR] A FILTER  2048 B  da=badc18c5a289 sa=020000000001
[SV] Packet #500 port A  66 B (wire 66) ts=1790921116.900823
[BR] A FILTER  66 B  da=020000000001 sa=badc18c5a289
[SV] Packet #501 port A  2048 B (wire 65226) ts=1790921116.900828
[BR] A FILTER  2048 B  da=badc18c5a289 sa=020000000001
[SV] Packet #502 port A  2048 B (wire 65226) ts=1790921116.900832
[BR] A FILTER  2048 B  da=badc18c5a289 sa=020000000001
[SV] Packet #503 port A  2048 B (wire 65226) ts=1790921116.900833
[BR] A FILTER  2048 B  da=badc18c5a289 sa=020000000001
[SV] Packet #504 port A  2048 B (wire 65226) ts=1790921116.900835
[BR] A FILTER  2048 B  da=badc18c5a289 sa=020000000001
[SV] Packet #505 port A  2048 B (wire 51746) ts=1790921116.900836
[BR] A FILTER  2048 B  da=badc18c5a289 sa=020000000001
[SV] Packet #506 port A  66 B (wire 66) ts=1790921116.900843
[BR] A FILTER  66 B  da=020000000001 sa=badc18c5a289
[SV] Packet #507 port A  66 B (wire 66) ts=1790921116.900855
[BR] A FILTER  66 B  da=020000000001 sa=badc18c5a289
[SV] Packet #508 port A  2048 B (wire 65226) ts=1790921116.900864
[BR] A FILTER  2048 B  da=badc18c5a289 sa=020000000001
[SV] Packet #509 port A  66 B (wire 66) ts=1790921116.900866
[BR] A FILTER  66 B  da=020000000001 sa=badc18c5a289
[SV] Packet #510 port A  2048 B (wire 65226) ts=1790921116.900868
[BR] A FILTER  2048 B  da=badc18c5a289 sa=020000000001
[SV] Packet #511 port A  2048 B (wire 19250) ts=1790921116.900870
[BR] A FILTER  2048 B  da=badc18c5a289 sa=020000000001
[SV] Packet #512 port A  2048 B (wire 65226) ts=1790921116.900872
[BR] A FILTER  2048 B  da=badc18c5a289 sa=020000000001
[SV] Packet #513 port A  2048 B (wire 65226) ts=1790921116.900873
[BR] A FILTER  2048 B  da=badc18c5a289 sa=020000000001
[SV] Packet #514 port A  2048 B (wire 65226) ts=1790921116.900874
[BR] A FILTER  2048 B  da=badc18c5a289 sa=020000000001
[SV] Packet #515 port A  2048 B (wire 65226) ts=1790921116.900876
[BR] A FILTER  2048 B  da=badc18c5a289 sa=020000000001
[SV] Packet #516 port A  2048 B (wire 65226) ts=1790921116.900877
[BR] A FILTER  2048 B  da=badc18c5a289 sa=020000000001
[SV] Packet #517 port A  2048 B (wire 33370) ts=1790921116.900878
[BR] A FILTER  2048 B  da=badc18c5a289 sa=020000000001
[SV] Packet #518 port A  66 B (wire 66) ts=1790921116.900879
[BR] A FILTER  66 B  da=020000000001 sa=badc18c5a289
[SV] Packet #519 port A  66 B (wire 66) ts=1790921116.900891
[BR] A FILTER  66 B  da=020000000001 sa=badc18c5a289
[SV] Packet #520 port A  2048 B (wire 65226) ts=1790921116.900899
[BR] A FILTER  2048 B  da=badc18c5a289 sa=020000000001
[SV] Packet #521 port A  2048 B (wire 65226) ts=1790921116.900902
[BR] A FILTER  2048 B  da=badc18c5a289 sa=020000000001
[SV] Packet #522 port A  2048 B (wire 65226) ts=1790921116.900903
[BR] A FILTER  2048 B  da=badc18c5a289 sa=020000000001
[SV] Packet #523 port A  2048 B (wire 65226) ts=1790921116.900905
[BR] A FILTER  2048 B  da=badc18c5a289 sa=020000000001
[SV] Packet #524 port A  2048 B (wire 36386) ts=1790921116.900907
[BR] A FILTER  2048 B  da=badc18c5a289 sa=020000000001
[SV] Packet #525 port A  66 B (wire 66) ts=1790921116.900921
[BR] A FILTER  66 B  da=020000000001 sa=badc18c5a289
[SV] Packet #526 port A  2048 B (wire 65226) ts=1790921116.900927
[BR] A FILTER  2048 B  da=badc18c5a289 sa=020000000001
[SV] Packet #527 port A  2048 B (wire 65226) ts=1790921116.900929
[BR] A FILTER  2048 B  da=badc18c5a289 sa=020000000001
[SV] Packet #528 port A  2048 B (wire 65226) ts=1790921116.900930
[BR] A FILTER  2048 B  da=badc18c5a289 sa=020000000001
[SV] Packet #529 port A  2048 B (wire 65226) ts=1790921116.900935
[BR] A FILTER  2048 B  da=badc18c5a289 sa=020000000001
[SV] Packet #530 port A  2048 B (wire 12074) ts=1790921116.900937
[BR] A FILTER  2048 B  da=badc18c5a289 sa=020000000001
[SV] Packet #531 port A  66 B (wire 66) ts=1790921116.900941
[BR] A FILTER  66 B  da=020000000001 sa=badc18c5a289
[SV] Packet #532 port A  66 B (wire 66) ts=1790921116.900956
[BR] A FILTER  66 B  da=020000000001 sa=badc18c5a289
[SV] Packet #533 port A  2048 B (wire 65226) ts=1790921116.901507
[BR] A FILTER  2048 B  da=badc18c5a289 sa=020000000001
[SV] Packet #534 port A  66 B (wire 66) ts=1790921116.901622
[BR] A FILTER  66 B  da=020000000001 sa=badc18c5a289
[SV] Packet #535 port A  2048 B (wire 65226) ts=1790921116.901632
[BR] A FILTER  2048 B  da=badc18c5a289 sa=020000000001
[SV] Packet #536 port A  818 B (wire 818) ts=1790921116.901636
[BR] A FILTER  818 B  da=badc18c5a289 sa=020000000001
[SV] Packet #537 port A  2048 B (wire 65226) ts=1790921116.901652
[BR] A FILTER  2048 B  da=badc18c5a289 sa=020000000001
[SV] Packet #538 port A  2048 B (wire 65226) ts=1790921116.901657
[BR] A FILTER  2048 B  da=badc18c5a289 sa=020000000001
[SV] Packet #539 port A  2048 B (wire 65226) ts=1790921116.901663
[BR] A FILTER  2048 B  da=badc18c5a289 sa=020000000001
[SV] Packet #540 port A  2048 B (wire 65226) ts=1790921116.901669
[BR] A FILTER  2048 B  da=badc18c5a289 sa=020000000001
[SV] Packet #541 port A  1514 B (wire 1514) ts=1790921116.901672
[BR] A FILTER  1514 B  da=badc18c5a289 sa=020000000001
[SV] Packet #542 port A  2048 B (wire 65226) ts=1790921116.901678
[BR] A FILTER  2048 B  da=badc18c5a289 sa=020000000001
[SV] Packet #543 port A  2048 B (wire 65226) ts=1790921116.901684
[BR] A FILTER  2048 B  da=badc18c5a289 sa=020000000001
[SV] Packet #544 port A  2048 B (wire 65226) ts=1790921116.901690
[BR] A FILTER  2048 B  da=badc18c5a289 sa=020000000001
[SV] Packet #545 port A  2048 B (wire 11650) ts=1790921116.901696
[BR] A FILTER  2048 B  da=badc18c5a289 sa=020000000001
[SV] Packet #546 port A  66 B (wire 66) ts=1790921116.901801
[BR] A FILTER  66 B  da=020000000001 sa=badc18c5a289
[SV] Packet #547 port A  2048 B (wire 65226) ts=1790921116.901818
[BR] A FILTER  2048 B  da=badc18c5a289 sa=020000000001
[SV] Packet #548 port A  2048 B (wire 65226) ts=1790921116.901821
[BR] A FILTER  2048 B  da=badc18c5a289 sa=020000000001
[SV] Packet #549 port A  2048 B (wire 65226) ts=1790921116.901823
[BR] A FILTER  2048 B  da=badc18c5a289 sa=020000000001
[SV] Packet #550 port A  66 B (wire 66) ts=1790921116.901839
[BR] A FILTER  66 B  da=020000000001 sa=badc18c5a289
[SV] Packet #551 port A  2048 B (wire 65226) ts=1790921116.901846
[BR] A FILTER  2048 B  da=badc18c5a289 sa=020000000001
[SV] Packet #552 port A  2048 B (wire 65226) ts=1790921116.901848
[BR] A FILTER  2048 B  da=badc18c5a289 sa=020000000001
[SV] Packet #553 port A  2048 B (wire 65226) ts=1790921116.901849
[BR] A FILTER  2048 B  da=badc18c5a289 sa=020000000001
[SV] Packet #554 port A  2048 B (wire 64682) ts=1790921116.901851
[BR] A FILTER  2048 B  da=badc18c5a289 sa=020000000001
[SV] Packet #555 port A  66 B (wire 66) ts=1790921116.901866
[BR] A FILTER  66 B  da=020000000001 sa=badc18c5a289
[SV] Packet #556 port A  2048 B (wire 65226) ts=1790921116.901873
[BR] A FILTER  2048 B  da=badc18c5a289 sa=020000000001
[SV] Packet #557 port A  2048 B (wire 65226) ts=1790921116.901875
[BR] A FILTER  2048 B  da=badc18c5a289 sa=020000000001
[SV] Packet #558 port A  2048 B (wire 65226) ts=1790921116.901877
[BR] A FILTER  2048 B  da=badc18c5a289 sa=020000000001
[SV] Packet #559 port A  2048 B (wire 8362) ts=1790921116.901878
[BR] A FILTER  2048 B  da=badc18c5a289 sa=020000000001
[SV] Packet #560 port A  66 B (wire 66) ts=1790921116.901890
[BR] A FILTER  66 B  da=020000000001 sa=badc18c5a289
[SV] Packet #561 port A  66 B (wire 66) ts=1790921116.901904
[BR] A FILTER  66 B  da=020000000001 sa=badc18c5a289
[SV] Packet #562 port A  2048 B (wire 65226) ts=1790921116.901909
[BR] A FILTER  2048 B  da=badc18c5a289 sa=020000000001
[SV] Packet #563 port A  2048 B (wire 65226) ts=1790921116.901912
[BR] A FILTER  2048 B  da=badc18c5a289 sa=020000000001
[SV] Packet #564 port A  2048 B (wire 65226) ts=1790921116.901913
[BR] A FILTER  2048 B  da=badc18c5a289 sa=020000000001
[SV] Packet #565 port A  2048 B (wire 65226) ts=1790921116.901914
[BR] A FILTER  2048 B  da=badc18c5a289 sa=020000000001
[SV] Packet #566 port A  2048 B (wire 65226) ts=1790921116.901915
[BR] A FILTER  2048 B  da=badc18c5a289 sa=020000000001
[SV] Packet #567 port A  2048 B (wire 56218) ts=1790921116.901917
[BR] A FILTER  2048 B  da=badc18c5a289 sa=020000000001
[SV] Packet #568 port A  66 B (wire 66) ts=1790921116.901929
[BR] A FILTER  66 B  da=020000000001 sa=badc18c5a289
[SV] Packet #569 port A  2048 B (wire 40002) ts=1790921116.901938
[BR] A FILTER  2048 B  da=badc18c5a289 sa=020000000001
[SV] Packet #570 port A  66 B (wire 66) ts=1790921116.901942
[BR] A FILTER  66 B  da=020000000001 sa=badc18c5a289
[SV] Packet #571 port A  2048 B (wire 65226) ts=1790921116.901951
[BR] A FILTER  2048 B  da=badc18c5a289 sa=020000000001
[SV] Packet #572 port A  2048 B (wire 65226) ts=1790921116.901953
[BR] A FILTER  2048 B  da=badc18c5a289 sa=020000000001
[SV] Packet #573 port A  2048 B (wire 65226) ts=1790921116.901955
[BR] A FILTER  2048 B  da=badc18c5a289 sa=020000000001
[SV] Packet #574 port A  2048 B (wire 65226) ts=1790921116.901956
[BR] A FILTER  2048 B  da=badc18c5a289 sa=020000000001
[SV] Packet #575 port A  66 B (wire 66) ts=1790921116.901956
[BR] A FILTER  66 B  da=020000000001 sa=badc18c5a289
[SV] Packet #576 port A  2048 B (wire 56538) ts=1790921116.901957
[BR] A FILTER  2048 B  da=badc18c5a289 sa=020000000001
[SV] Packet #577 port A  2048 B (wire 41354) ts=1790921116.901960
[BR] A FILTER  2048 B  da=badc18c5a289 sa=020000000001
[SV] Packet #578 port A  66 B (wire 66) ts=1790921116.901972
[BR] A FILTER  66 B  da=020000000001 sa=badc18c5a289
[SV] Packet #579 port A  2048 B (wire 65226) ts=1790921116.901981
[BR] A FILTER  2048 B  da=badc18c5a289 sa=020000000001
[SV] Packet #580 port A  2048 B (wire 65226) ts=1790921116.901983
[BR] A FILTER  2048 B  da=badc18c5a289 sa=020000000001
[SV] Packet #581 port A  66 B (wire 66) ts=1790921116.901984
[BR] A FILTER  66 B  da=020000000001 sa=badc18c5a289
[SV] Packet #582 port A  2048 B (wire 43826) ts=1790921116.901992
[BR] A FILTER  2048 B  da=badc18c5a289 sa=020000000001
[SV] Packet #583 port A  66 B (wire 66) ts=1790921116.902009
[BR] A FILTER  66 B  da=020000000001 sa=badc18c5a289
[SV] Packet #584 port A  2048 B (wire 65226) ts=1790921116.902013
[BR] A FILTER  2048 B  da=badc18c5a289 sa=020000000001
[SV] Packet #585 port A  2048 B (wire 65226) ts=1790921116.902017
[BR] A FILTER  2048 B  da=badc18c5a289 sa=020000000001
[SV] Packet #586 port A  2048 B (wire 65226) ts=1790921116.902018
[BR] A FILTER  2048 B  da=badc18c5a289 sa=020000000001
[SV] Packet #587 port A  2048 B (wire 65226) ts=1790921116.902019
[BR] A FILTER  2048 B  da=badc18c5a289 sa=020000000001
[SV] Packet #588 port A  2048 B (wire 65226) ts=1790921116.902020
[BR] A FILTER  2048 B  da=badc18c5a289 sa=020000000001
[SV] Packet #589 port A  2048 B (wire 52122) ts=1790921116.902021
[BR] A FILTER  2048 B  da=badc18c5a289 sa=020000000001
[SV] Packet #590 port A  66 B (wire 66) ts=1790921116.902036
[BR] A FILTER  66 B  da=020000000001 sa=badc18c5a289
[SV] Packet #591 port A  2048 B (wire 65226) ts=1790921116.902043
[BR] A FILTER  2048 B  da=badc18c5a289 sa=020000000001
[SV] Packet #592 port A  2048 B (wire 26042) ts=1790921116.902044
[BR] A FILTER  2048 B  da=badc18c5a289 sa=020000000001
[SV] Packet #593 port A  66 B (wire 66) ts=1790921116.902046
[BR] A FILTER  66 B  da=020000000001 sa=badc18c5a289
[SV] Packet #594 port A  2048 B (wire 65226) ts=1790921116.902047
[BR] A FILTER  2048 B  da=badc18c5a289 sa=020000000001
[SV] Packet #595 port A  2048 B (wire 65226) ts=1790921116.902049
[BR] A FILTER  2048 B  da=badc18c5a289 sa=020000000001
[SV] Packet #596 port A  2048 B (wire 65226) ts=1790921116.902050
[BR] A FILTER  2048 B  da=badc18c5a289 sa=020000000001
[SV] Packet #597 port A  2048 B (wire 52194) ts=1790921116.902051
[BR] A FILTER  2048 B  da=badc18c5a289 sa=020000000001
[SV] Packet #598 port A  66 B (wire 66) ts=1790921116.902058
[BR] A FILTER  66 B  da=020000000001 sa=badc18c5a289
[SV] Packet #599 port A  2048 B (wire 29586) ts=1790921116.902064
[BR] A FILTER  2048 B  da=badc18c5a289 sa=020000000001
[SV] Packet #600 port A  66 B (wire 66) ts=1790921116.902069
[BR] A FILTER  66 B  da=020000000001 sa=badc18c5a289
[SV] Packet #601 port A  2048 B (wire 65226) ts=1790921116.902076
[BR] A FILTER  2048 B  da=badc18c5a289 sa=020000000001
[SV] Packet #602 port A  2048 B (wire 65226) ts=1790921116.902077
[BR] A FILTER  2048 B  da=badc18c5a289 sa=020000000001
[SV] Packet #603 port A  2048 B (wire 65226) ts=1790921116.902078
[BR] A FILTER  2048 B  da=badc18c5a289 sa=020000000001
[SV] Packet #604 port A  2048 B (wire 18890) ts=1790921116.902079
[BR] A FILTER  2048 B  da=badc18c5a289 sa=020000000001
[SV] Packet #605 port A  66 B (wire 66) ts=1790921116.902080
[BR] A FILTER  66 B  da=020000000001 sa=badc18c5a289
[SV] Packet #606 port A  1826 B (wire 1826) ts=1790921116.902090
[BR] A FILTER  1826 B  da=badc18c5a289 sa=020000000001
[SV] Packet #607 port A  66 B (wire 66) ts=1790921116.902092
[BR] A FILTER  66 B  da=020000000001 sa=badc18c5a289
[SV] Packet #608 port A  2048 B (wire 65226) ts=1790921116.902094
[BR] A FILTER  2048 B  da=badc18c5a289 sa=020000000001
[SV] Packet #609 port A  2048 B (wire 65226) ts=1790921116.902095
[BR] A FILTER  2048 B  da=badc18c5a289 sa=020000000001
[SV] Packet #610 port A  2048 B (wire 65226) ts=1790921116.902096
[BR] A FILTER  2048 B  da=badc18c5a289 sa=020000000001
[SV] Packet #611 port A  2048 B (wire 65226) ts=1790921116.902097
[BR] A FILTER  2048 B  da=badc18c5a289 sa=020000000001
[SV] Packet #612 port A  2048 B (wire 65226) ts=1790921116.902099
[BR] A FILTER  2048 B  da=badc18c5a289 sa=020000000001
[SV] Packet #613 port A  2048 B (wire 24682) ts=1790921116.902100
[BR] A FILTER  2048 B  da=badc18c5a289 sa=020000000001
[SV] Packet #614 port A  66 B (wire 66) ts=1790921116.902107
[BR] A FILTER  66 B  da=020000000001 sa=badc18c5a289
[SV] Packet #615 port A  66 B (wire 66) ts=1790921116.902119
[BR] A FILTER  66 B  da=020000000001 sa=badc18c5a289
[SV] Packet #616 port A  2048 B (wire 65226) ts=1790921116.902121
[BR] A FILTER  2048 B  da=badc18c5a289 sa=020000000001
[SV] Packet #617 port A  2048 B (wire 65226) ts=1790921116.902124
[BR] A FILTER  2048 B  da=badc18c5a289 sa=020000000001
[SV] Packet #618 port A  2048 B (wire 65226) ts=1790921116.902125
[BR] A FILTER  2048 B  da=badc18c5a289 sa=020000000001
[SV] Packet #619 port A  2048 B (wire 30890) ts=1790921116.902126
[BR] A FILTER  2048 B  da=badc18c5a289 sa=020000000001
[SV] Packet #620 port A  66 B (wire 66) ts=1790921116.902139
[BR] A FILTER  66 B  da=020000000001 sa=badc18c5a289
[SV] Packet #621 port A  2048 B (wire 65226) ts=1790921116.902147
[BR] A FILTER  2048 B  da=badc18c5a289 sa=020000000001
[SV] Packet #622 port A  2048 B (wire 65226) ts=1790921116.902150
[BR] A FILTER  2048 B  da=badc18c5a289 sa=020000000001
[SV] Packet #623 port A  2048 B (wire 65226) ts=1790921116.902151
[BR] A FILTER  2048 B  da=badc18c5a289 sa=020000000001
[SV] Packet #624 port A  2048 B (wire 65226) ts=1790921116.902152
[BR] A FILTER  2048 B  da=badc18c5a289 sa=020000000001
[SV] Packet #625 port A  2048 B (wire 18978) ts=1790921116.902154
[BR] A FILTER  2048 B  da=badc18c5a289 sa=020000000001
[SV] Packet #626 port A  66 B (wire 66) ts=1790921116.902166
[BR] A FILTER  66 B  da=020000000001 sa=badc18c5a289
[SV] Packet #627 port A  2048 B (wire 65226) ts=1790921116.902174
[BR] A FILTER  2048 B  da=badc18c5a289 sa=020000000001
[SV] Packet #628 port A  66 B (wire 66) ts=1790921116.902176
[BR] A FILTER  66 B  da=020000000001 sa=badc18c5a289
[SV] Packet #629 port A  2048 B (wire 65226) ts=1790921116.902178
[BR] A FILTER  2048 B  da=badc18c5a289 sa=020000000001
[SV] Packet #630 port A  2048 B (wire 16178) ts=1790921116.902180
[BR] A FILTER  2048 B  da=badc18c5a289 sa=020000000001
[SV] Packet #631 port A  2048 B (wire 65226) ts=1790921116.902181
[BR] A FILTER  2048 B  da=badc18c5a289 sa=020000000001
[SV] Packet #632 port A  2048 B (wire 65226) ts=1790921116.902183
[BR] A FILTER  2048 B  da=badc18c5a289 sa=020000000001
[SV] Packet #633 port A  2048 B (wire 65226) ts=1790921116.902184
[BR] A FILTER  2048 B  da=badc18c5a289 sa=020000000001
[SV] Packet #634 port A  2048 B (wire 65226) ts=1790921116.902185
[BR] A FILTER  2048 B  da=badc18c5a289 sa=020000000001
[SV] Packet #635 port A  2048 B (wire 65226) ts=1790921116.902186
[BR] A FILTER  2048 B  da=badc18c5a289 sa=020000000001
[SV] Packet #636 port A  66 B (wire 66) ts=1790921116.902186
[BR] A FILTER  66 B  da=020000000001 sa=badc18c5a289
[SV] Packet #637 port A  2048 B (wire 13098) ts=1790921116.902188
[BR] A FILTER  2048 B  da=badc18c5a289 sa=020000000001
[SV] Packet #638 port A  66 B (wire 66) ts=1790921116.902200
[BR] A FILTER  66 B  da=020000000001 sa=badc18c5a289
[SV] Packet #639 port A  66 B (wire 66) ts=1790921116.902209
[BR] A FILTER  66 B  da=020000000001 sa=badc18c5a289
[SV] Packet #640 port A  2048 B (wire 65226) ts=1790921116.902230
[BR] A FILTER  2048 B  da=badc18c5a289 sa=020000000001
[SV] Packet #641 port A  66 B (wire 66) ts=1790921116.902279
[BR] A FILTER  66 B  da=020000000001 sa=badc18c5a289
[SV] Packet #642 port A  2048 B (wire 65226) ts=1790921116.902281
[BR] A FILTER  2048 B  da=badc18c5a289 sa=020000000001
[SV] Packet #643 port A  2048 B (wire 65226) ts=1790921116.902283
[BR] A FILTER  2048 B  da=badc18c5a289 sa=020000000001
[SV] Packet #644 port A  2048 B (wire 65226) ts=1790921116.902285
[BR] A FILTER  2048 B  da=badc18c5a289 sa=020000000001
[SV] Packet #645 port A  2048 B (wire 65226) ts=1790921116.902287
[BR] A FILTER  2048 B  da=badc18c5a289 sa=020000000001
[SV] Packet #646 port A  2048 B (wire 65226) ts=1790921116.902289
[BR] A FILTER  2048 B  da=badc18c5a289 sa=020000000001
[SV] Packet #647 port A  2048 B (wire 41234) ts=1790921116.902290
[BR] A FILTER  2048 B  da=badc18c5a289 sa=020000000001
[SV] Packet #648 port A  2048 B (wire 65226) ts=1790921116.902293
[BR] A FILTER  2048 B  da=badc18c5a289 sa=020000000001
[SV] Packet #649 port A  2048 B (wire 65226) ts=1790921116.902294
[BR] A FILTER  2048 B  da=badc18c5a289 sa=020000000001
[SV] Packet #650 port A  2048 B (wire 63778) ts=1790921116.902295
[BR] A FILTER  2048 B  da=badc18c5a289 sa=020000000001
[SV] Packet #651 port A  66 B (wire 66) ts=1790921116.902496
[BR] A FILTER  66 B  da=020000000001 sa=badc18c5a289
[SV] Packet #652 port A  2048 B (wire 65226) ts=1790921116.902506
[BR] A FILTER  2048 B  da=badc18c5a289 sa=020000000001
[SV] Packet #653 port A  2048 B (wire 50618) ts=1790921116.902510
[BR] A FILTER  2048 B  da=badc18c5a289 sa=020000000001
[SV] Packet #654 port A  66 B (wire 66) ts=1790921116.902532
[BR] A FILTER  66 B  da=020000000001 sa=badc18c5a289
[SV] Packet #655 port A  2048 B (wire 65226) ts=1790921116.902535
[BR] A FILTER  2048 B  da=badc18c5a289 sa=020000000001
[SV] Packet #656 port A  2048 B (wire 64954) ts=1790921116.902810
[BR] A FILTER  2048 B  da=badc18c5a289 sa=020000000001
[SV] Packet #657 port A  66 B (wire 66) ts=1790921116.902842
[BR] A FILTER  66 B  da=020000000001 sa=badc18c5a289
[SV] Packet #658 port A  2048 B (wire 65226) ts=1790921116.902855
[BR] A FILTER  2048 B  da=badc18c5a289 sa=020000000001
[SV] Packet #659 port A  2048 B (wire 65226) ts=1790921116.902862
[BR] A FILTER  2048 B  da=badc18c5a289 sa=020000000001
[SV] Packet #660 port A  1842 B (wire 1842) ts=1790921116.902864
[BR] A FILTER  1842 B  da=badc18c5a289 sa=020000000001
[SV] Packet #661 port A  66 B (wire 66) ts=1790921116.902870
[BR] A FILTER  66 B  da=020000000001 sa=badc18c5a289
[SV] Packet #662 port A  2048 B (wire 65226) ts=1790921116.902875
[BR] A FILTER  2048 B  da=badc18c5a289 sa=020000000001
[SV] Packet #663 port A  2048 B (wire 65226) ts=1790921116.902877
[BR] A FILTER  2048 B  da=badc18c5a289 sa=020000000001
[SV] Packet #664 port A  2048 B (wire 65226) ts=1790921116.902878
[BR] A FILTER  2048 B  da=badc18c5a289 sa=020000000001
[SV] Packet #665 port A  2048 B (wire 30890) ts=1790921116.902880
[BR] A FILTER  2048 B  da=badc18c5a289 sa=020000000001
[SV] Packet #666 port A  66 B (wire 66) ts=1790921116.902895
[BR] A FILTER  66 B  da=020000000001 sa=badc18c5a289
[SV] Packet #667 port A  66 B (wire 66) ts=1790921116.902907
[BR] A FILTER  66 B  da=020000000001 sa=badc18c5a289
[SV] Packet #668 port A  2048 B (wire 65226) ts=1790921116.903010
[BR] A FILTER  2048 B  da=badc18c5a289 sa=020000000001
[SV] Packet #669 port A  66 B (wire 66) ts=1790921116.903037
[BR] A FILTER  66 B  da=020000000001 sa=badc18c5a289
[SV] Packet #670 port A  2048 B (wire 65226) ts=1790921116.903040
[BR] A FILTER  2048 B  da=badc18c5a289 sa=020000000001
[SV] Packet #671 port A  2048 B (wire 65226) ts=1790921116.903042
[BR] A FILTER  2048 B  da=badc18c5a289 sa=020000000001
[SV] Packet #672 port A  2048 B (wire 65226) ts=1790921116.903043
[BR] A FILTER  2048 B  da=badc18c5a289 sa=020000000001
[SV] Packet #673 port A  2048 B (wire 65226) ts=1790921116.903045
[BR] A FILTER  2048 B  da=badc18c5a289 sa=020000000001
[SV] Packet #674 port A  2048 B (wire 33690) ts=1790921116.903047
[BR] A FILTER  2048 B  da=badc18c5a289 sa=020000000001
[SV] Packet #675 port A  2048 B (wire 65226) ts=1790921116.903050
[BR] A FILTER  2048 B  da=badc18c5a289 sa=020000000001
[SV] Packet #676 port A  2048 B (wire 65226) ts=1790921116.903051
[BR] A FILTER  2048 B  da=badc18c5a289 sa=020000000001
[SV] Packet #677 port A  2048 B (wire 65226) ts=1790921116.903053
[BR] A FILTER  2048 B  da=badc18c5a289 sa=020000000001
[SV] Packet #678 port A  2048 B (wire 65226) ts=1790921116.903054
[BR] A FILTER  2048 B  da=badc18c5a289 sa=020000000001
[SV] Packet #679 port A  2048 B (wire 5858) ts=1790921116.903056
[BR] A FILTER  2048 B  da=badc18c5a289 sa=020000000001
[SV] Packet #680 port A  66 B (wire 66) ts=1790921116.903375
[BR] A FILTER  66 B  da=020000000001 sa=badc18c5a289
[SV] Packet #681 port A  2048 B (wire 56386) ts=1790921116.903384
[BR] A FILTER  2048 B  da=badc18c5a289 sa=020000000001
[SV] Packet #682 port A  66 B (wire 66) ts=1790921116.903422
[BR] A FILTER  66 B  da=020000000001 sa=badc18c5a289
[SV] Packet #683 port A  2048 B (wire 65226) ts=1790921116.903424
[BR] A FILTER  2048 B  da=badc18c5a289 sa=020000000001
[SV] Packet #684 port A  2048 B (wire 58810) ts=1790921116.903427
[BR] A FILTER  2048 B  da=badc18c5a289 sa=020000000001
[SV] Packet #685 port A  66 B (wire 66) ts=1790921116.903453
[BR] A FILTER  66 B  da=020000000001 sa=badc18c5a289
[SV] Packet #686 port A  2048 B (wire 65226) ts=1790921116.903459
[BR] A FILTER  2048 B  da=badc18c5a289 sa=020000000001
[SV] Packet #687 port A  2048 B (wire 65226) ts=1790921116.903463
[BR] A FILTER  2048 B  da=badc18c5a289 sa=020000000001
[SV] Packet #688 port A  2048 B (wire 65226) ts=1790921116.903468
[BR] A FILTER  2048 B  da=badc18c5a289 sa=020000000001
[SV] Packet #689 port A  2048 B (wire 24746) ts=1790921116.903470
[BR] A FILTER  2048 B  da=badc18c5a289 sa=020000000001
[SV] Packet #690 port A  66 B (wire 66) ts=1790921116.903478
[BR] A FILTER  66 B  da=020000000001 sa=badc18c5a289
[SV] Packet #691 port A  2048 B (wire 65226) ts=1790921116.903486
[BR] A FILTER  2048 B  da=badc18c5a289 sa=020000000001
[SV] Packet #692 port A  2048 B (wire 65226) ts=1790921116.903488
[BR] A FILTER  2048 B  da=badc18c5a289 sa=020000000001
[SV] Packet #693 port A  2048 B (wire 36266) ts=1790921116.903491
[BR] A FILTER  2048 B  da=badc18c5a289 sa=020000000001
[SV] Packet #694 port A  66 B (wire 66) ts=1790921116.903509
[BR] A FILTER  66 B  da=020000000001 sa=badc18c5a289
[SV] Packet #695 port A  2048 B (wire 65226) ts=1790921116.903512
[BR] A FILTER  2048 B  da=badc18c5a289 sa=020000000001
[SV] Packet #696 port A  2048 B (wire 42426) ts=1790921116.903515
[BR] A FILTER  2048 B  da=badc18c5a289 sa=020000000001
[SV] Packet #697 port A  66 B (wire 66) ts=1790921116.903529
[BR] A FILTER  66 B  da=020000000001 sa=badc18c5a289
[SV] Packet #698 port A  2048 B (wire 65226) ts=1790921116.903532
[BR] A FILTER  2048 B  da=badc18c5a289 sa=020000000001
[SV] Packet #699 port A  2048 B (wire 65226) ts=1790921116.903534
[BR] A FILTER  2048 B  da=badc18c5a289 sa=020000000001
[SV] Packet #700 port A  2048 B (wire 65226) ts=1790921116.903536
[BR] A FILTER  2048 B  da=badc18c5a289 sa=020000000001
[SV] Packet #701 port A  2048 B (wire 65226) ts=1790921116.903537
[BR] A FILTER  2048 B  da=badc18c5a289 sa=020000000001
[SV] Packet #702 port A  2048 B (wire 32290) ts=1790921116.903539
[BR] A FILTER  2048 B  da=badc18c5a289 sa=020000000001
[SV] Packet #703 port A  66 B (wire 66) ts=1790921116.903556
[BR] A FILTER  66 B  da=020000000001 sa=badc18c5a289
[SV] Packet #704 port A  2048 B (wire 65226) ts=1790921116.903559
[BR] A FILTER  2048 B  da=badc18c5a289 sa=020000000001
[SV] Packet #705 port A  2048 B (wire 48570) ts=1790921116.903562
[BR] A FILTER  2048 B  da=badc18c5a289 sa=020000000001
[SV] Packet #706 port A  66 B (wire 66) ts=1790921116.903575
[BR] A FILTER  66 B  da=020000000001 sa=badc18c5a289
[SV] Packet #707 port A  2048 B (wire 65226) ts=1790921116.903578
[BR] A FILTER  2048 B  da=badc18c5a289 sa=020000000001
[SV] Packet #708 port A  2048 B (wire 64954) ts=1790921116.903580
[BR] A FILTER  2048 B  da=badc18c5a289 sa=020000000001
[SV] Packet #709 port A  66 B (wire 66) ts=1790921116.903596
[BR] A FILTER  66 B  da=020000000001 sa=badc18c5a289
[SV] Packet #710 port A  66 B (wire 66) ts=1790921116.903623
[BR] A FILTER  66 B  da=020000000001 sa=badc18c5a289
[SV] Packet #711 port A  2048 B (wire 65226) ts=1790921116.903625
[BR] A FILTER  2048 B  da=badc18c5a289 sa=020000000001
[SV] Packet #712 port A  2048 B (wire 65226) ts=1790921116.903627
[BR] A FILTER  2048 B  da=badc18c5a289 sa=020000000001
[SV] Packet #713 port A  2048 B (wire 65226) ts=1790921116.903628
[BR] A FILTER  2048 B  da=badc18c5a289 sa=020000000001
[SV] Packet #714 port A  2048 B (wire 65226) ts=1790921116.903629
[BR] A FILTER  2048 B  da=badc18c5a289 sa=020000000001
[SV] Packet #715 port A  2048 B (wire 65226) ts=1790921116.903630
[BR] A FILTER  2048 B  da=badc18c5a289 sa=020000000001
[SV] Packet #716 port A  2048 B (wire 49050) ts=1790921116.903632
[BR] A FILTER  2048 B  da=badc18c5a289 sa=020000000001
[SV] Packet #717 port A  66 B (wire 66) ts=1790921116.903790
[BR] A FILTER  66 B  da=020000000001 sa=badc18c5a289
[SV] Packet #718 port A  2048 B (wire 38978) ts=1790921116.903799
[BR] A FILTER  2048 B  da=badc18c5a289 sa=020000000001
[SV] Packet #719 port A  66 B (wire 66) ts=1790921116.903916
[BR] A FILTER  66 B  da=020000000001 sa=badc18c5a289
[SV] Packet #720 port A  66 B (wire 66) ts=1790921116.903939
[BR] A FILTER  66 B  da=020000000001 sa=badc18c5a289
[SV] Packet #721 port A  2048 B (wire 65226) ts=1790921116.903946
[BR] A FILTER  2048 B  da=badc18c5a289 sa=020000000001
[SV] Packet #722 port A  2048 B (wire 65226) ts=1790921116.903957
[BR] A FILTER  2048 B  da=badc18c5a289 sa=020000000001
[SV] Packet #723 port A  2048 B (wire 65226) ts=1790921116.903959
[BR] A FILTER  2048 B  da=badc18c5a289 sa=020000000001
[SV] Packet #724 port A  2048 B (wire 65226) ts=1790921116.903961
[BR] A FILTER  2048 B  da=badc18c5a289 sa=020000000001
[SV] Packet #725 port A  2048 B (wire 65226) ts=1790921116.903962
[BR] A FILTER  2048 B  da=badc18c5a289 sa=020000000001
[SV] Packet #726 port A  2048 B (wire 40858) ts=1790921116.903964
[BR] A FILTER  2048 B  da=badc18c5a289 sa=020000000001
[SV] Packet #727 port A  66 B (wire 66) ts=1790921116.903981
[BR] A FILTER  66 B  da=020000000001 sa=badc18c5a289
[SV] Packet #728 port A  2048 B (wire 65226) ts=1790921116.903988
[BR] A FILTER  2048 B  da=badc18c5a289 sa=020000000001
[SV] Packet #729 port A  2048 B (wire 65226) ts=1790921116.903989
[BR] A FILTER  2048 B  da=badc18c5a289 sa=020000000001
[SV] Packet #730 port A  2048 B (wire 65226) ts=1790921116.903990
[BR] A FILTER  2048 B  da=badc18c5a289 sa=020000000001
[SV] Packet #731 port A  2048 B (wire 19626) ts=1790921116.903992
[BR] A FILTER  2048 B  da=badc18c5a289 sa=020000000001
[SV] Packet #732 port A  66 B (wire 66) ts=1790921116.904008
[BR] A FILTER  66 B  da=020000000001 sa=badc18c5a289
[SV] Packet #733 port A  2048 B (wire 65226) ts=1790921116.904013
[BR] A FILTER  2048 B  da=badc18c5a289 sa=020000000001
[SV] Packet #734 port A  2048 B (wire 65226) ts=1790921116.904016
[BR] A FILTER  2048 B  da=badc18c5a289 sa=020000000001
[SV] Packet #735 port A  2048 B (wire 65226) ts=1790921116.904017
[BR] A FILTER  2048 B  da=badc18c5a289 sa=020000000001
[SV] Packet #736 port A  2048 B (wire 65226) ts=1790921116.904019
[BR] A FILTER  2048 B  da=badc18c5a289 sa=020000000001
[SV] Packet #737 port A  2048 B (wire 65226) ts=1790921116.904020
[BR] A FILTER  2048 B  da=badc18c5a289 sa=020000000001
[SV] Packet #738 port A  2048 B (wire 65226) ts=1790921116.904021
[BR] A FILTER  2048 B  da=badc18c5a289 sa=020000000001
[SV] Packet #739 port A  2048 B (wire 2322) ts=1790921116.904022
[BR] A FILTER  2048 B  da=badc18c5a289 sa=020000000001
[SV] Packet #740 port A  66 B (wire 66) ts=1790921116.904037
[BR] A FILTER  66 B  da=020000000001 sa=badc18c5a289
[SV] Packet #741 port A  2048 B (wire 65226) ts=1790921116.904044
[BR] A FILTER  2048 B  da=badc18c5a289 sa=020000000001
[SV] Packet #742 port A  2048 B (wire 65226) ts=1790921116.904047
[BR] A FILTER  2048 B  da=badc18c5a289 sa=020000000001
[SV] Packet #743 port A  2048 B (wire 65226) ts=1790921116.904049
[BR] A FILTER  2048 B  da=badc18c5a289 sa=020000000001
[SV] Packet #744 port A  2048 B (wire 65226) ts=1790921116.904052
[BR] A FILTER  2048 B  da=badc18c5a289 sa=020000000001
[SV] Packet #745 port A  2048 B (wire 64034) ts=1790921116.904054
[BR] A FILTER  2048 B  da=badc18c5a289 sa=020000000001
[SV] Packet #746 port A  66 B (wire 66) ts=1790921116.904062
[BR] A FILTER  66 B  da=020000000001 sa=badc18c5a289
[SV] Packet #747 port A  2048 B (wire 65226) ts=1790921116.904067
[BR] A FILTER  2048 B  da=badc18c5a289 sa=020000000001
[SV] Packet #748 port A  2048 B (wire 65226) ts=1790921116.904069
[BR] A FILTER  2048 B  da=badc18c5a289 sa=020000000001
[SV] Packet #749 port A  2048 B (wire 8754) ts=1790921116.904071
[BR] A FILTER  2048 B  da=badc18c5a289 sa=020000000001
[SV] Packet #750 port A  66 B (wire 66) ts=1790921116.904077
[BR] A FILTER  66 B  da=020000000001 sa=badc18c5a289
[SV] Packet #751 port A  2048 B (wire 64834) ts=1790921116.904083
[BR] A FILTER  2048 B  da=badc18c5a289 sa=020000000001
[SV] Packet #752 port A  66 B (wire 66) ts=1790921116.904093
[BR] A FILTER  66 B  da=020000000001 sa=badc18c5a289
[SV] Packet #753 port A  2048 B (wire 65226) ts=1790921116.904095
[BR] A FILTER  2048 B  da=badc18c5a289 sa=020000000001
[SV] Packet #754 port A  2048 B (wire 15994) ts=1790921116.904097
[BR] A FILTER  2048 B  da=badc18c5a289 sa=020000000001
[SV] Packet #755 port A  66 B (wire 66) ts=1790921116.904107
[BR] A FILTER  66 B  da=020000000001 sa=badc18c5a289
[SV] Packet #756 port A  2048 B (wire 65226) ts=1790921116.904117
[BR] A FILTER  2048 B  da=badc18c5a289 sa=020000000001
[SV] Packet #757 port A  2048 B (wire 65226) ts=1790921116.904122
[BR] A FILTER  2048 B  da=badc18c5a289 sa=020000000001
[SV] Packet #758 port A  66 B (wire 66) ts=1790921116.904123
[BR] A FILTER  66 B  da=020000000001 sa=badc18c5a289
[SV] Packet #759 port A  2048 B (wire 65226) ts=1790921116.904124
[BR] A FILTER  2048 B  da=badc18c5a289 sa=020000000001
[SV] Packet #760 port A  2048 B (wire 65226) ts=1790921116.904125
[BR] A FILTER  2048 B  da=badc18c5a289 sa=020000000001
[SV] Packet #761 port A  2048 B (wire 21858) ts=1790921116.904127
[BR] A FILTER  2048 B  da=badc18c5a289 sa=020000000001
[SV] Packet #762 port A  2048 B (wire 65226) ts=1790921116.904129
[BR] A FILTER  2048 B  da=badc18c5a289 sa=020000000001
[SV] Packet #763 port A  2048 B (wire 65226) ts=1790921116.904130
[BR] A FILTER  2048 B  da=badc18c5a289 sa=020000000001
[SV] Packet #764 port A  2048 B (wire 15994) ts=1790921116.904132
[BR] A FILTER  2048 B  da=badc18c5a289 sa=020000000001
[SV] Packet #765 port A  66 B (wire 66) ts=1790921116.904139
[BR] A FILTER  66 B  da=020000000001 sa=badc18c5a289
[SV] Packet #766 port A  66 B (wire 66) ts=1790921116.904152
[BR] A FILTER  66 B  da=020000000001 sa=badc18c5a289
[SV] Packet #767 port A  2048 B (wire 65226) ts=1790921116.904183
[BR] A FILTER  2048 B  da=badc18c5a289 sa=020000000001
[SV] Packet #768 port A  66 B (wire 66) ts=1790921116.904223
[BR] A FILTER  66 B  da=020000000001 sa=badc18c5a289
[SV] Packet #769 port A  2048 B (wire 65226) ts=1790921116.904225
[BR] A FILTER  2048 B  da=badc18c5a289 sa=020000000001
[SV] Packet #770 port A  2048 B (wire 65226) ts=1790921116.904227
[BR] A FILTER  2048 B  da=badc18c5a289 sa=020000000001
[SV] Packet #771 port A  2048 B (wire 65226) ts=1790921116.904230
[BR] A FILTER  2048 B  da=badc18c5a289 sa=020000000001
[SV] Packet #772 port A  2048 B (wire 31266) ts=1790921116.904232
[BR] A FILTER  2048 B  da=badc18c5a289 sa=020000000001
[SV] Packet #773 port A  2048 B (wire 65226) ts=1790921116.904234
[BR] A FILTER  2048 B  da=badc18c5a289 sa=020000000001
[SV] Packet #774 port A  2048 B (wire 65226) ts=1790921116.904236
[BR] A FILTER  2048 B  da=badc18c5a289 sa=020000000001
[SV] Packet #775 port A  2048 B (wire 65226) ts=1790921116.904238
[BR] A FILTER  2048 B  da=badc18c5a289 sa=020000000001
[SV] Packet #776 port A  2048 B (wire 65226) ts=1790921116.904240
[BR] A FILTER  2048 B  da=badc18c5a289 sa=020000000001
[SV] Packet #777 port A  2048 B (wire 65226) ts=1790921116.904242
[BR] A FILTER  2048 B  da=badc18c5a289 sa=020000000001
[SV] Packet #778 port A  66 B (wire 66) ts=1790921116.904373
[BR] A FILTER  66 B  da=020000000001 sa=badc18c5a289
[SV] Packet #779 port A  2048 B (wire 65226) ts=1790921116.904382
[BR] A FILTER  2048 B  da=badc18c5a289 sa=020000000001
[SV] Packet #780 port A  2048 B (wire 57786) ts=1790921116.904386
[BR] A FILTER  2048 B  da=badc18c5a289 sa=020000000001
[SV] Packet #781 port A  66 B (wire 66) ts=1790921116.905083
[BR] A FILTER  66 B  da=020000000001 sa=badc18c5a289
[SV] Packet #782 port A  2048 B (wire 65226) ts=1790921116.905088
[BR] A FILTER  2048 B  da=badc18c5a289 sa=020000000001
[SV] Packet #783 port A  2048 B (wire 65226) ts=1790921116.905090
[BR] A FILTER  2048 B  da=badc18c5a289 sa=020000000001
[SV] Packet #784 port A  66 B (wire 66) ts=1790921116.905102
[BR] A FILTER  66 B  da=020000000001 sa=badc18c5a289
[SV] Packet #785 port A  2048 B (wire 65226) ts=1790921116.905104
[BR] A FILTER  2048 B  da=badc18c5a289 sa=020000000001
[SV] Packet #786 port A  2048 B (wire 38330) ts=1790921116.905105
[BR] A FILTER  2048 B  da=badc18c5a289 sa=020000000001
[SV] Packet #787 port A  66 B (wire 66) ts=1790921116.905116
[BR] A FILTER  66 B  da=020000000001 sa=badc18c5a289
[SV] Packet #788 port A  2048 B (wire 65226) ts=1790921116.905117
[BR] A FILTER  2048 B  da=badc18c5a289 sa=020000000001
[SV] Packet #789 port A  2048 B (wire 61882) ts=1790921116.905119
[BR] A FILTER  2048 B  da=badc18c5a289 sa=020000000001
[SV] Packet #790 port A  66 B (wire 66) ts=1790921116.905143
[BR] A FILTER  66 B  da=020000000001 sa=badc18c5a289
[SV] Packet #791 port A  2048 B (wire 65226) ts=1790921116.905145
[BR] A FILTER  2048 B  da=badc18c5a289 sa=020000000001
[SV] Packet #792 port A  2048 B (wire 65226) ts=1790921116.905146
[BR] A FILTER  2048 B  da=badc18c5a289 sa=020000000001
[SV] Packet #793 port A  1842 B (wire 1842) ts=1790921116.905148
[BR] A FILTER  1842 B  da=badc18c5a289 sa=020000000001
[SV] Packet #794 port A  66 B (wire 66) ts=1790921116.905159
[BR] A FILTER  66 B  da=020000000001 sa=badc18c5a289
[SV] Packet #795 port A  66 B (wire 66) ts=1790921116.905177
[BR] A FILTER  66 B  da=020000000001 sa=badc18c5a289
[SV] Packet #796 port A  2048 B (wire 65226) ts=1790921116.905178
[BR] A FILTER  2048 B  da=badc18c5a289 sa=020000000001
[SV] Packet #797 port A  2048 B (wire 65226) ts=1790921116.905179
[BR] A FILTER  2048 B  da=badc18c5a289 sa=020000000001
[SV] Packet #798 port A  2048 B (wire 65226) ts=1790921116.905181
[BR] A FILTER  2048 B  da=badc18c5a289 sa=020000000001
[SV] Packet #799 port A  2048 B (wire 65226) ts=1790921116.905182
[BR] A FILTER  2048 B  da=badc18c5a289 sa=020000000001
[SV] Packet #800 port A  2048 B (wire 65226) ts=1790921116.905183
[BR] A FILTER  2048 B  da=badc18c5a289 sa=020000000001
[SV] Packet #801 port A  2048 B (wire 30618) ts=1790921116.905185
[BR] A FILTER  2048 B  da=badc18c5a289 sa=020000000001
[SV] Packet #802 port A  66 B (wire 66) ts=1790921116.905196
[BR] A FILTER  66 B  da=020000000001 sa=badc18c5a289
[SV] Packet #803 port A  66 B (wire 66) ts=1790921116.905262
[BR] A FILTER  66 B  da=020000000001 sa=badc18c5a289
[SV] Packet #804 port A  2048 B (wire 65226) ts=1790921116.905264
[BR] A FILTER  2048 B  da=badc18c5a289 sa=020000000001
[SV] Packet #805 port A  2048 B (wire 65226) ts=1790921116.905265
[BR] A FILTER  2048 B  da=badc18c5a289 sa=020000000001
[SV] Packet #806 port A  2048 B (wire 65226) ts=1790921116.905267
[BR] A FILTER  2048 B  da=badc18c5a289 sa=020000000001
[SV] Packet #807 port A  2048 B (wire 65226) ts=1790921116.905268
[BR] A FILTER  2048 B  da=badc18c5a289 sa=020000000001
[SV] Packet #808 port A  2048 B (wire 38434) ts=1790921116.905269
[BR] A FILTER  2048 B  da=badc18c5a289 sa=020000000001
[SV] Packet #809 port A  66 B (wire 66) ts=1790921116.905280
[BR] A FILTER  66 B  da=020000000001 sa=badc18c5a289
[SV] Packet #810 port A  2048 B (wire 65226) ts=1790921116.905282
[BR] A FILTER  2048 B  da=badc18c5a289 sa=020000000001
[SV] Packet #811 port A  2048 B (wire 65226) ts=1790921116.905283
[BR] A FILTER  2048 B  da=badc18c5a289 sa=020000000001
[SV] Packet #812 port A  2048 B (wire 21298) ts=1790921116.905285
[BR] A FILTER  2048 B  da=badc18c5a289 sa=020000000001
[SV] Packet #813 port A  66 B (wire 66) ts=1790921116.905293
[BR] A FILTER  66 B  da=020000000001 sa=badc18c5a289
[SV] Packet #814 port A  2048 B (wire 65226) ts=1790921116.905295
[BR] A FILTER  2048 B  da=badc18c5a289 sa=020000000001
[SV] Packet #815 port A  2048 B (wire 65226) ts=1790921116.905296
[BR] A FILTER  2048 B  da=badc18c5a289 sa=020000000001
[SV] Packet #816 port A  1842 B (wire 1842) ts=1790921116.905297
[BR] A FILTER  1842 B  da=badc18c5a289 sa=020000000001
[SV] Packet #817 port A  66 B (wire 66) ts=1790921116.905305
[BR] A FILTER  66 B  da=020000000001 sa=badc18c5a289
[SV] Packet #818 port A  2048 B (wire 65226) ts=1790921116.905306
[BR] A FILTER  2048 B  da=badc18c5a289 sa=020000000001
[SV] Packet #819 port A  2048 B (wire 8634) ts=1790921116.905308
[BR] A FILTER  2048 B  da=badc18c5a289 sa=020000000001
[SV] Packet #820 port A  66 B (wire 66) ts=1790921116.905315
[BR] A FILTER  66 B  da=020000000001 sa=badc18c5a289
[SV] Packet #821 port A  66 B (wire 66) ts=1790921116.905322
[BR] A FILTER  66 B  da=020000000001 sa=badc18c5a289
[SV] Packet #822 port A  2048 B (wire 65226) ts=1790921116.905323
[BR] A FILTER  2048 B  da=badc18c5a289 sa=020000000001
[SV] Packet #823 port A  2048 B (wire 65226) ts=1790921116.905324
[BR] A FILTER  2048 B  da=badc18c5a289 sa=020000000001
[SV] Packet #824 port A  2048 B (wire 65226) ts=1790921116.905325
[BR] A FILTER  2048 B  da=badc18c5a289 sa=020000000001
[SV] Packet #825 port A  2048 B (wire 65226) ts=1790921116.905326
[BR] A FILTER  2048 B  da=badc18c5a289 sa=020000000001
[SV] Packet #826 port A  2048 B (wire 40482) ts=1790921116.905327
[BR] A FILTER  2048 B  da=badc18c5a289 sa=020000000001
[SV] Packet #827 port A  66 B (wire 66) ts=1790921116.905337
[BR] A FILTER  66 B  da=020000000001 sa=badc18c5a289
[SV] Packet #828 port A  2048 B (wire 65226) ts=1790921116.905338
[BR] A FILTER  2048 B  da=badc18c5a289 sa=020000000001
[SV] Packet #829 port A  2048 B (wire 65226) ts=1790921116.905339
[BR] A FILTER  2048 B  da=badc18c5a289 sa=020000000001
[SV] Packet #830 port A  2048 B (wire 18226) ts=1790921116.905340
[BR] A FILTER  2048 B  da=badc18c5a289 sa=020000000001
[SV] Packet #831 port A  66 B (wire 66) ts=1790921116.905348
[BR] A FILTER  66 B  da=020000000001 sa=badc18c5a289
[SV] Packet #832 port A  66 B (wire 66) ts=1790921116.905361
[BR] A FILTER  66 B  da=020000000001 sa=badc18c5a289
[SV] Packet #833 port A  2048 B (wire 65226) ts=1790921116.905362
[BR] A FILTER  2048 B  da=badc18c5a289 sa=020000000001
[SV] Packet #834 port A  2048 B (wire 65226) ts=1790921116.905364
[BR] A FILTER  2048 B  da=badc18c5a289 sa=020000000001
[SV] Packet #835 port A  2048 B (wire 65226) ts=1790921116.905365
[BR] A FILTER  2048 B  da=badc18c5a289 sa=020000000001
[SV] Packet #836 port A  2048 B (wire 65226) ts=1790921116.905366
[BR] A FILTER  2048 B  da=badc18c5a289 sa=020000000001
[SV] Packet #837 port A  2048 B (wire 65226) ts=1790921116.905367
[BR] A FILTER  2048 B  da=badc18c5a289 sa=020000000001
[SV] Packet #838 port A  2048 B (wire 9114) ts=1790921116.905368
[BR] A FILTER  2048 B  da=badc18c5a289 sa=020000000001
[SV] Packet #839 port A  66 B (wire 66) ts=1790921116.905377
[BR] A FILTER  66 B  da=020000000001 sa=badc18c5a289
[SV] Packet #840 port A  2048 B (wire 65226) ts=1790921116.905379
[BR] A FILTER  2048 B  da=badc18c5a289 sa=020000000001
[SV] Packet #841 port A  2048 B (wire 65226) ts=1790921116.905380
[BR] A FILTER  2048 B  da=badc18c5a289 sa=020000000001
[SV] Packet #842 port A  2048 B (wire 21298) ts=1790921116.905381
[BR] A FILTER  2048 B  da=badc18c5a289 sa=020000000001
[SV] Packet #843 port A  66 B (wire 66) ts=1790921116.905389
[BR] A FILTER  66 B  da=020000000001 sa=badc18c5a289
[SV] Packet #844 port A  66 B (wire 66) ts=1790921116.905396
[BR] A FILTER  66 B  da=020000000001 sa=badc18c5a289
[SV] Packet #845 port A  2048 B (wire 65226) ts=1790921116.905435
[BR] A FILTER  2048 B  da=badc18c5a289 sa=020000000001
[SV] Packet #846 port A  66 B (wire 66) ts=1790921116.905524
[BR] A FILTER  66 B  da=020000000001 sa=badc18c5a289
[SV] Packet #847 port A  2048 B (wire 65226) ts=1790921116.905527
[BR] A FILTER  2048 B  da=badc18c5a289 sa=020000000001
[SV] Packet #848 port A  2048 B (wire 65226) ts=1790921116.905529
[BR] A FILTER  2048 B  da=badc18c5a289 sa=020000000001
[SV] Packet #849 port A  2048 B (wire 65226) ts=1790921116.905534
[BR] A FILTER  2048 B  da=badc18c5a289 sa=020000000001
[SV] Packet #850 port A  2048 B (wire 40482) ts=1790921116.905537
[BR] A FILTER  2048 B  da=badc18c5a289 sa=020000000001
[SV] Packet #851 port A  2048 B (wire 65226) ts=1790921116.905539
[BR] A FILTER  2048 B  da=badc18c5a289 sa=020000000001
[SV] Packet #852 port A  2048 B (wire 65226) ts=1790921116.905541
[BR] A FILTER  2048 B  da=badc18c5a289 sa=020000000001
[SV] Packet #853 port A  2048 B (wire 65226) ts=1790921116.905543
[BR] A FILTER  2048 B  da=badc18c5a289 sa=020000000001
[SV] Packet #854 port A  2048 B (wire 65226) ts=1790921116.905544
[BR] A FILTER  2048 B  da=badc18c5a289 sa=020000000001
[SV] Packet #855 port A  2048 B (wire 64682) ts=1790921116.905557
[BR] A FILTER  2048 B  da=badc18c5a289 sa=020000000001
[SV] Packet #856 port A  66 B (wire 66) ts=1790921116.905681
[BR] A FILTER  66 B  da=020000000001 sa=badc18c5a289
[SV] Packet #857 port A  2048 B (wire 57410) ts=1790921116.905694
[BR] A FILTER  2048 B  da=badc18c5a289 sa=020000000001
[SV] Packet #858 port A  66 B (wire 66) ts=1790921116.905705
[BR] A FILTER  66 B  da=020000000001 sa=badc18c5a289
[SV] Packet #859 port A  2048 B (wire 65226) ts=1790921116.905708
[BR] A FILTER  2048 B  da=badc18c5a289 sa=020000000001
[SV] Packet #860 port A  66 B (wire 66) ts=1790921116.905726
[BR] A FILTER  66 B  da=020000000001 sa=badc18c5a289
[SV] Packet #861 port A  2048 B (wire 65226) ts=1790921116.905732
[BR] A FILTER  2048 B  da=badc18c5a289 sa=020000000001
[SV] Packet #862 port A  2048 B (wire 65226) ts=1790921116.905735
[BR] A FILTER  2048 B  da=badc18c5a289 sa=020000000001
[SV] Packet #863 port A  2048 B (wire 65226) ts=1790921116.905736
[BR] A FILTER  2048 B  da=badc18c5a289 sa=020000000001
[SV] Packet #864 port A  2048 B (wire 23722) ts=1790921116.905738
[BR] A FILTER  2048 B  da=badc18c5a289 sa=020000000001
[SV] Packet #865 port A  66 B (wire 66) ts=1790921116.905751
[BR] A FILTER  66 B  da=020000000001 sa=badc18c5a289
[SV] Packet #866 port A  2048 B (wire 65226) ts=1790921116.905759
[BR] A FILTER  2048 B  da=badc18c5a289 sa=020000000001
[SV] Packet #867 port A  2048 B (wire 65226) ts=1790921116.905762
[BR] A FILTER  2048 B  da=badc18c5a289 sa=020000000001
[SV] Packet #868 port A  2048 B (wire 65226) ts=1790921116.905763
[BR] A FILTER  2048 B  da=badc18c5a289 sa=020000000001
[SV] Packet #869 port A  2048 B (wire 61610) ts=1790921116.905765
[BR] A FILTER  2048 B  da=badc18c5a289 sa=020000000001
[SV] Packet #870 port A  66 B (wire 66) ts=1790921116.905775
[BR] A FILTER  66 B  da=020000000001 sa=badc18c5a289
[SV] Packet #871 port A  66 B (wire 66) ts=1790921116.905791
[BR] A FILTER  66 B  da=020000000001 sa=badc18c5a289
[SV] Packet #872 port A  2048 B (wire 65226) ts=1790921116.905798
[BR] A FILTER  2048 B  da=badc18c5a289 sa=020000000001
[SV] Packet #873 port A  2048 B (wire 65226) ts=1790921116.905802
[BR] A FILTER  2048 B  da=badc18c5a289 sa=020000000001
[SV] Packet #874 port A  2048 B (wire 65226) ts=1790921116.905803
[BR] A FILTER  2048 B  da=badc18c5a289 sa=020000000001
[SV] Packet #875 port A  2048 B (wire 65226) ts=1790921116.905804
[BR] A FILTER  2048 B  da=badc18c5a289 sa=020000000001
[SV] Packet #876 port A  2048 B (wire 65226) ts=1790921116.905806
[BR] A FILTER  2048 B  da=badc18c5a289 sa=020000000001
[SV] Packet #877 port A  2048 B (wire 44954) ts=1790921116.905807
[BR] A FILTER  2048 B  da=badc18c5a289 sa=020000000001
[SV] Packet #878 port A  66 B (wire 66) ts=1790921116.905821
[BR] A FILTER  66 B  da=020000000001 sa=badc18c5a289
[SV] Packet #879 port A  66 B (wire 66) ts=1790921116.905837
[BR] A FILTER  66 B  da=020000000001 sa=badc18c5a289
[SV] Packet #880 port A  2048 B (wire 65226) ts=1790921116.905848
[BR] A FILTER  2048 B  da=badc18c5a289 sa=020000000001
[SV] Packet #881 port A  2048 B (wire 65226) ts=1790921116.905852
[BR] A FILTER  2048 B  da=badc18c5a289 sa=020000000001
[SV] Packet #882 port A  2048 B (wire 65226) ts=1790921116.905853
[BR] A FILTER  2048 B  da=badc18c5a289 sa=020000000001
[SV] Packet #883 port A  2048 B (wire 65226) ts=1790921116.905855
[BR] A FILTER  2048 B  da=badc18c5a289 sa=020000000001
[SV] Packet #884 port A  2048 B (wire 65226) ts=1790921116.905856
[BR] A FILTER  2048 B  da=badc18c5a289 sa=020000000001
[SV] Packet #885 port A  2048 B (wire 65226) ts=1790921116.905857
[BR] A FILTER  2048 B  da=badc18c5a289 sa=020000000001
[SV] Packet #886 port A  2048 B (wire 13586) ts=1790921116.905859
[BR] A FILTER  2048 B  da=badc18c5a289 sa=020000000001
[SV] Packet #887 port A  66 B (wire 66) ts=1790921116.905867
[BR] A FILTER  66 B  da=020000000001 sa=badc18c5a289
[SV] Packet #888 port A  2048 B (wire 65226) ts=1790921116.905871
[BR] A FILTER  2048 B  da=badc18c5a289 sa=020000000001
[SV] Packet #889 port A  2048 B (wire 65226) ts=1790921116.905872
[BR] A FILTER  2048 B  da=badc18c5a289 sa=020000000001
[SV] Packet #890 port A  2048 B (wire 65226) ts=1790921116.905874
[BR] A FILTER  2048 B  da=badc18c5a289 sa=020000000001
[SV] Packet #891 port A  2048 B (wire 60586) ts=1790921116.905875
[BR] A FILTER  2048 B  da=badc18c5a289 sa=020000000001
[SV] Packet #892 port A  66 B (wire 66) ts=1790921116.905896
[BR] A FILTER  66 B  da=020000000001 sa=badc18c5a289
[SV] Packet #893 port A  2048 B (wire 65226) ts=1790921116.905906
[BR] A FILTER  2048 B  da=badc18c5a289 sa=020000000001
[SV] Packet #894 port A  2048 B (wire 65226) ts=1790921116.905908
[BR] A FILTER  2048 B  da=badc18c5a289 sa=020000000001
[SV] Packet #895 port A  2048 B (wire 65226) ts=1790921116.905909
[BR] A FILTER  2048 B  da=badc18c5a289 sa=020000000001
[SV] Packet #896 port A  2048 B (wire 65226) ts=1790921116.905911
[BR] A FILTER  2048 B  da=badc18c5a289 sa=020000000001
[SV] Packet #897 port A  2048 B (wire 2594) ts=1790921116.905913
[BR] A FILTER  2048 B  da=badc18c5a289 sa=020000000001
[SV] Packet #898 port A  66 B (wire 66) ts=1790921116.905923
[BR] A FILTER  66 B  da=020000000001 sa=badc18c5a289
[SV] Packet #899 port A  2048 B (wire 65226) ts=1790921116.905925
[BR] A FILTER  2048 B  da=badc18c5a289 sa=020000000001
[SV] Packet #900 port A  2048 B (wire 10202) ts=1790921116.905926
[BR] A FILTER  2048 B  da=badc18c5a289 sa=020000000001
[SV] Packet #901 port A  66 B (wire 66) ts=1790921116.905936
[BR] A FILTER  66 B  da=020000000001 sa=badc18c5a289
[SV] Packet #902 port A  66 B (wire 66) ts=1790921116.905948
[BR] A FILTER  66 B  da=020000000001 sa=badc18c5a289
[SV] Packet #903 port A  2048 B (wire 65226) ts=1790921116.905956
[BR] A FILTER  2048 B  da=badc18c5a289 sa=020000000001
[SV] Packet #904 port A  2048 B (wire 65226) ts=1790921116.905960
[BR] A FILTER  2048 B  da=badc18c5a289 sa=020000000001
[SV] Packet #905 port A  2048 B (wire 65226) ts=1790921116.905961
[BR] A FILTER  2048 B  da=badc18c5a289 sa=020000000001
[SV] Packet #906 port A  2048 B (wire 65226) ts=1790921116.905963
[BR] A FILTER  2048 B  da=badc18c5a289 sa=020000000001
[SV] Packet #907 port A  2048 B (wire 65226) ts=1790921116.905964
[BR] A FILTER  2048 B  da=badc18c5a289 sa=020000000001
[SV] Packet #908 port A  2048 B (wire 65226) ts=1790921116.905965
[BR] A FILTER  2048 B  da=badc18c5a289 sa=020000000001
[SV] Packet #909 port A  2048 B (wire 41234) ts=1790921116.905966
[BR] A FILTER  2048 B  da=badc18c5a289 sa=020000000001
[SV] Packet #910 port A  66 B (wire 66) ts=1790921116.905972
[BR] A FILTER  66 B  da=020000000001 sa=badc18c5a289
[SV] Packet #911 port A  66 B (wire 66) ts=1790921116.905982
[BR] A FILTER  66 B  da=020000000001 sa=badc18c5a289
[SV] Packet #912 port A  2048 B (wire 65226) ts=1790921116.905988
[BR] A FILTER  2048 B  da=badc18c5a289 sa=020000000001
[SV] Packet #913 port A  2048 B (wire 65226) ts=1790921116.905989
[BR] A FILTER  2048 B  da=badc18c5a289 sa=020000000001
[SV] Packet #914 port A  2048 B (wire 65226) ts=1790921116.905991
[BR] A FILTER  2048 B  da=badc18c5a289 sa=020000000001
[SV] Packet #915 port A  66 B (wire 66) ts=1790921116.905994
[BR] A FILTER  66 B  da=020000000001 sa=badc18c5a289
[SV] Packet #916 port A  2048 B (wire 29866) ts=1790921116.905995
[BR] A FILTER  2048 B  da=badc18c5a289 sa=020000000001
[SV] Packet #917 port A  2048 B (wire 65226) ts=1790921116.905997
[BR] A FILTER  2048 B  da=badc18c5a289 sa=020000000001
[SV] Packet #918 port A  2048 B (wire 65226) ts=1790921116.905999
[BR] A FILTER  2048 B  da=badc18c5a289 sa=020000000001
[SV] Packet #919 port A  2048 B (wire 65226) ts=1790921116.906000
[BR] A FILTER  2048 B  da=badc18c5a289 sa=020000000001
[SV] Packet #920 port A  2048 B (wire 65226) ts=1790921116.906001
[BR] A FILTER  2048 B  da=badc18c5a289 sa=020000000001
[SV] Packet #921 port A  2048 B (wire 52194) ts=1790921116.906002
[BR] A FILTER  2048 B  da=badc18c5a289 sa=020000000001
[SV] Packet #922 port A  66 B (wire 66) ts=1790921116.906003
[BR] A FILTER  66 B  da=020000000001 sa=badc18c5a289
[SV] Packet #923 port A  66 B (wire 66) ts=1790921116.906019
[BR] A FILTER  66 B  da=020000000001 sa=badc18c5a289
[SV] Packet #924 port A  2048 B (wire 65226) ts=1790921116.906024
[BR] A FILTER  2048 B  da=badc18c5a289 sa=020000000001
[SV] Packet #925 port A  2048 B (wire 38330) ts=1790921116.906025
[BR] A FILTER  2048 B  da=badc18c5a289 sa=020000000001
[SV] Packet #926 port A  66 B (wire 66) ts=1790921116.906029
[BR] A FILTER  66 B  da=020000000001 sa=badc18c5a289
[SV] Packet #927 port A  2048 B (wire 65226) ts=1790921116.906036
[BR] A FILTER  2048 B  da=badc18c5a289 sa=020000000001
[SV] Packet #928 port A  66 B (wire 66) ts=1790921116.906039
[BR] A FILTER  66 B  da=020000000001 sa=badc18c5a289
[SV] Packet #929 port A  2048 B (wire 65226) ts=1790921116.906040
[BR] A FILTER  2048 B  da=badc18c5a289 sa=020000000001
[SV] Packet #930 port A  2048 B (wire 65226) ts=1790921116.906042
[BR] A FILTER  2048 B  da=badc18c5a289 sa=020000000001
[SV] Packet #931 port A  2048 B (wire 4410) ts=1790921116.906043
[BR] A FILTER  2048 B  da=badc18c5a289 sa=020000000001
[SV] Packet #932 port A  2048 B (wire 65226) ts=1790921116.906045
[BR] A FILTER  2048 B  da=badc18c5a289 sa=020000000001
[SV] Packet #933 port A  2048 B (wire 65226) ts=1790921116.906047
[BR] A FILTER  2048 B  da=badc18c5a289 sa=020000000001
[SV] Packet #934 port A  2048 B (wire 65226) ts=1790921116.906048
[BR] A FILTER  2048 B  da=badc18c5a289 sa=020000000001
[SV] Packet #935 port A  66 B (wire 66) ts=1790921116.906049
[BR] A FILTER  66 B  da=020000000001 sa=badc18c5a289
[SV] Packet #936 port A  2048 B (wire 27674) ts=1790921116.906049
[BR] A FILTER  2048 B  da=badc18c5a289 sa=020000000001
[SV] Packet #937 port A  66 B (wire 66) ts=1790921116.906063
[BR] A FILTER  66 B  da=020000000001 sa=badc18c5a289
[SV] Packet #938 port A  2048 B (wire 65226) ts=1790921116.906071
[BR] A FILTER  2048 B  da=badc18c5a289 sa=020000000001
[SV] Packet #939 port A  2048 B (wire 37306) ts=1790921116.906072
[BR] A FILTER  2048 B  da=badc18c5a289 sa=020000000001
[SV] Packet #940 port A  66 B (wire 66) ts=1790921116.906082
[BR] A FILTER  66 B  da=020000000001 sa=badc18c5a289
[SV] Packet #941 port A  2048 B (wire 65226) ts=1790921116.906084
[BR] A FILTER  2048 B  da=badc18c5a289 sa=020000000001
[SV] Packet #942 port A  2048 B (wire 65226) ts=1790921116.906088
[BR] A FILTER  2048 B  da=badc18c5a289 sa=020000000001
[SV] Packet #943 port A  2048 B (wire 65226) ts=1790921116.906089
[BR] A FILTER  2048 B  da=badc18c5a289 sa=020000000001
[SV] Packet #944 port A  2048 B (wire 65226) ts=1790921116.906090
[BR] A FILTER  2048 B  da=badc18c5a289 sa=020000000001
[SV] Packet #945 port A  2048 B (wire 65226) ts=1790921116.906091
[BR] A FILTER  2048 B  da=badc18c5a289 sa=020000000001
[SV] Packet #946 port A  2048 B (wire 61338) ts=1790921116.906093
[BR] A FILTER  2048 B  da=badc18c5a289 sa=020000000001
[SV] Packet #947 port A  66 B (wire 66) ts=1790921116.906101
[BR] A FILTER  66 B  da=020000000001 sa=badc18c5a289
[SV] Packet #948 port A  2048 B (wire 65226) ts=1790921116.906105
[BR] A FILTER  2048 B  da=badc18c5a289 sa=020000000001
[SV] Packet #949 port A  2048 B (wire 65226) ts=1790921116.906106
[BR] A FILTER  2048 B  da=badc18c5a289 sa=020000000001
[SV] Packet #950 port A  2048 B (wire 28466) ts=1790921116.906107
[BR] A FILTER  2048 B  da=badc18c5a289 sa=020000000001
[SV] Packet #951 port A  66 B (wire 66) ts=1790921116.906119
[BR] A FILTER  66 B  da=020000000001 sa=badc18c5a289
[SV] Packet #952 port A  2048 B (wire 65226) ts=1790921116.906127
[BR] A FILTER  2048 B  da=badc18c5a289 sa=020000000001
[SV] Packet #953 port A  2048 B (wire 65226) ts=1790921116.906130
[BR] A FILTER  2048 B  da=badc18c5a289 sa=020000000001
[SV] Packet #954 port A  2048 B (wire 65226) ts=1790921116.906131
[BR] A FILTER  2048 B  da=badc18c5a289 sa=020000000001
[SV] Packet #955 port A  66 B (wire 66) ts=1790921116.906136
[BR] A FILTER  66 B  da=020000000001 sa=badc18c5a289
[SV] Packet #956 port A  2048 B (wire 65226) ts=1790921116.906160
[BR] A FILTER  2048 B  da=badc18c5a289 sa=020000000001
[SV] Packet #957 port A  66 B (wire 66) ts=1790921116.906192
[BR] A FILTER  66 B  da=020000000001 sa=badc18c5a289
[SV] Packet #958 port A  2048 B (wire 65226) ts=1790921116.906194
[BR] A FILTER  2048 B  da=badc18c5a289 sa=020000000001
[SV] Packet #959 port A  2048 B (wire 40858) ts=1790921116.906196
[BR] A FILTER  2048 B  da=badc18c5a289 sa=020000000001
[SV] Packet #960 port A  2048 B (wire 65226) ts=1790921116.906201
[BR] A FILTER  2048 B  da=badc18c5a289 sa=020000000001
[SV] Packet #961 port A  2048 B (wire 65226) ts=1790921116.906202
[BR] A FILTER  2048 B  da=badc18c5a289 sa=020000000001
[SV] Packet #962 port A  2048 B (wire 65226) ts=1790921116.906204
[BR] A FILTER  2048 B  da=badc18c5a289 sa=020000000001
[SV] Packet #963 port A  2048 B (wire 65226) ts=1790921116.906205
[BR] A FILTER  2048 B  da=badc18c5a289 sa=020000000001
[SV] Packet #964 port A  2048 B (wire 65226) ts=1790921116.906207
[BR] A FILTER  2048 B  da=badc18c5a289 sa=020000000001
[SV] Packet #965 port A  2048 B (wire 65226) ts=1790921116.906208
[BR] A FILTER  2048 B  da=badc18c5a289 sa=020000000001
[SV] Packet #966 port A  66 B (wire 66) ts=1790921116.906341
[BR] A FILTER  66 B  da=020000000001 sa=badc18c5a289
[SV] Packet #967 port A  2048 B (wire 65226) ts=1790921116.906355
[BR] A FILTER  2048 B  da=badc18c5a289 sa=020000000001
[SV] Packet #968 port A  66 B (wire 66) ts=1790921116.906358
[BR] A FILTER  66 B  da=020000000001 sa=badc18c5a289
[SV] Packet #969 port A  2048 B (wire 65226) ts=1790921116.906360
[BR] A FILTER  2048 B  da=badc18c5a289 sa=020000000001
[SV] Packet #970 port A  2048 B (wire 42802) ts=1790921116.906361
[BR] A FILTER  2048 B  da=badc18c5a289 sa=020000000001
[SV] Packet #971 port A  2048 B (wire 65226) ts=1790921116.906364
[BR] A FILTER  2048 B  da=badc18c5a289 sa=020000000001
[SV] Packet #972 port A  2048 B (wire 37714) ts=1790921116.906365
[BR] A FILTER  2048 B  da=badc18c5a289 sa=020000000001
[SV] Packet #973 port A  66 B (wire 66) ts=1790921116.906380
[BR] A FILTER  66 B  da=020000000001 sa=badc18c5a289
[SV] Packet #974 port A  2048 B (wire 65226) ts=1790921116.906387
[BR] A FILTER  2048 B  da=badc18c5a289 sa=020000000001
[SV] Packet #975 port A  2048 B (wire 65226) ts=1790921116.906389
[BR] A FILTER  2048 B  da=badc18c5a289 sa=020000000001
[SV] Packet #976 port A  2048 B (wire 65226) ts=1790921116.906391
[BR] A FILTER  2048 B  da=badc18c5a289 sa=020000000001
[SV] Packet #977 port A  2048 B (wire 62634) ts=1790921116.906392
[BR] A FILTER  2048 B  da=badc18c5a289 sa=020000000001
[SV] Packet #978 port A  66 B (wire 66) ts=1790921116.906399
[BR] A FILTER  66 B  da=020000000001 sa=badc18c5a289
[SV] Packet #979 port A  66 B (wire 66) ts=1790921116.906411
[BR] A FILTER  66 B  da=020000000001 sa=badc18c5a289
[SV] Packet #980 port A  2048 B (wire 65226) ts=1790921116.906415
[BR] A FILTER  2048 B  da=badc18c5a289 sa=020000000001
[SV] Packet #981 port A  2048 B (wire 65226) ts=1790921116.906418
[BR] A FILTER  2048 B  da=badc18c5a289 sa=020000000001
[SV] Packet #982 port A  2048 B (wire 65226) ts=1790921116.906420
[BR] A FILTER  2048 B  da=badc18c5a289 sa=020000000001
[SV] Packet #983 port A  2048 B (wire 65226) ts=1790921116.906421
[BR] A FILTER  2048 B  da=badc18c5a289 sa=020000000001
[SV] Packet #984 port A  2048 B (wire 65226) ts=1790921116.906422
[BR] A FILTER  2048 B  da=badc18c5a289 sa=020000000001
[SV] Packet #985 port A  2048 B (wire 62362) ts=1790921116.906424
[BR] A FILTER  2048 B  da=badc18c5a289 sa=020000000001
[SV] Packet #986 port A  66 B (wire 66) ts=1790921116.906430
[BR] A FILTER  66 B  da=020000000001 sa=badc18c5a289
[SV] Packet #987 port A  2048 B (wire 65226) ts=1790921116.906437
[BR] A FILTER  2048 B  da=badc18c5a289 sa=020000000001
[SV] Packet #988 port A  66 B (wire 66) ts=1790921116.906441
[BR] A FILTER  66 B  da=020000000001 sa=badc18c5a289
[SV] Packet #989 port A  2048 B (wire 65226) ts=1790921116.906448
[BR] A FILTER  2048 B  da=badc18c5a289 sa=020000000001
[SV] Packet #990 port A  2048 B (wire 29490) ts=1790921116.906451
[BR] A FILTER  2048 B  da=badc18c5a289 sa=020000000001
[SV] Packet #991 port A  66 B (wire 66) ts=1790921116.906451
[BR] A FILTER  66 B  da=020000000001 sa=badc18c5a289
[SV] Packet #992 port A  2048 B (wire 65226) ts=1790921116.906453
[BR] A FILTER  2048 B  da=badc18c5a289 sa=020000000001
[SV] Packet #993 port A  2048 B (wire 65226) ts=1790921116.906455
[BR] A FILTER  2048 B  da=badc18c5a289 sa=020000000001
[SV] Packet #994 port A  2048 B (wire 65226) ts=1790921116.906456
[BR] A FILTER  2048 B  da=badc18c5a289 sa=020000000001
[SV] Packet #995 port A  2048 B (wire 65226) ts=1790921116.906457
[BR] A FILTER  2048 B  da=badc18c5a289 sa=020000000001
[SV] Packet #996 port A  2048 B (wire 33370) ts=1790921116.906459
[BR] A FILTER  2048 B  da=badc18c5a289 sa=020000000001
[SV] Packet #997 port A  66 B (wire 66) ts=1790921116.906462
[BR] A FILTER  66 B  da=020000000001 sa=badc18c5a289
[SV] Packet #998 port A  66 B (wire 66) ts=1790921116.906474
[BR] A FILTER  66 B  da=020000000001 sa=badc18c5a289
[SV] Packet #999 port A  2048 B (wire 65226) ts=1790921116.906481
[BR] A FILTER  2048 B  da=badc18c5a289 sa=020000000001
[SV] Packet #1000 port A  2048 B (wire 65226) ts=1790921116.906482
[BR] A FILTER  2048 B  da=badc18c5a289 sa=020000000001

[SV] Simulation finished. File=ns1_iperf.pcap  Streamed 1000 packets.
[BR] overlap=71
[BR] rx_a=1000  rx_b=0  tx_a=0  tx_b=1  flood=1  fwd=0  filter=999  drop=0  byte_mis=0  mis=0
- hdl/tb_l2br.sv:703: Verilog $finish
- S i m u l a t i o n   R e p o r t: Verilator 5.032 2025-01-01
- Verilator: $finish at 29ms; walltime 18.076 s; speed 1.681 ms/s
- Verilator: cpu 17.476 s on 1 threads; alloced 25 MB
